date,block,plot,treatment,basalt_present,microbiome_present,species,tree_id,branch_location,sub_branch_location,total_leaves,0_percent_damage,1_to_5_percent_damage,5_to_10_percent_damage,10_to_30_percent_damage,30_to_60_percent_damage,60_to_100_percent_damage,damage_by_leaf_chewers,damage_by_grazing,damage_by_mines,damage_by_leaf_roll,other_damage,
2023-06-28,C,26,broadleaf+basalt,y,n,alder,1,1/3rd,NA,48,25,11,9,1,2,0,70%,5%,15%,10%,NA,
2023-06-28,C,26,broadleaf+basalt,y,n,alder,1,2/3rd,NA,15,9,1,2,3,0,0,10%,0%,90%,0%,NA,
2023-06-28,C,26,broadleaf+basalt,y,n,aspen,2,1/3rd,1/3rd ,11,3,7,1,0,0,0,60%,40%,0%,0%,NA,
2023-06-28,C,26,broadleaf+basalt,y,n,aspen,2,1/3rd,2/3rd,14,9,4,0,1,0,0,100%,0%,0%,0%,NA,
2023-06-28,C,26,broadleaf+basalt,y,n,aspen,2,2/3rd,NA,14,5,7,0,2,0,0,70%,30%,0%,0%,NA,
2023-06-28,C,26,broadleaf+basalt,y,n,birch,3,1/3rd,1/3rd ,10,3,5,2,0,0,0,100%,0%,0%,0%,NA,
2023-06-28,C,26,broadleaf+basalt,y,n,birch,3,1/3rd,2/3rd,8,7,1,0,0,0,0,100%,0%,0%,0%,NA,
2023-06-28,C,26,broadleaf+basalt,y,n,birch,3,2/3rd,1/3rd ,8,7,1,0,0,0,0,100%,0%,0%,0%,NA,
2023-06-28,C,26,broadleaf+basalt,y,n,birch,3,2/3rd,2/3rd,9,8,1,0,0,0,0,50%,50%,0%,0%,NA,
2023-06-28,C,26,broadleaf+basalt,y,n,cherry,4,1/3rd,NA,13,2,5,3,2,1,0,70%,20%,10%,0%,leaf_curl,
2023-06-28,C,26,broadleaf+basalt,y,n,cherry,4,2/3rd,NA,17,3,9,2,3,0,0,85%,10%,5%,0%,leaf_curl,
2023-06-28,C,26,broadleaf+basalt,y,n,oak,5,1/3rd,NA,17,4,10,3,0,0,0,90%,10%,0%,0%,NA,
2023-06-28,C,26,broadleaf+basalt,y,n,oak,5,2/3rd,NA,13,2,6,2,2,1,0,90%,5%,5%,0%,NA,
2023-06-28,C,26,broadleaf+basalt,y,n,rowan,6,1/3rd,1/3rd ,15,6,7,2,0,0,0,95%,0%,5%,0%,NA,
2023-06-28,C,26,broadleaf+basalt,y,n,rowan,6,1/3rd,2/3rd,15,13,2,0,0,0,0,60%,40%,0%,0%,NA,
2023-06-28,C,26,broadleaf+basalt,y,n,rowan,6,2/3rd,1/3rd ,15,5,7,2,0,1,0,50%,0%,50%,0%,NA,
2023-06-28,C,26,broadleaf+basalt,y,n,rowan,6,2/3rd,2/3rd,13,9,4,0,0,0,0,95%,5%,0%,0%,NA,
2023-06-28,C,2,broadleaf+microbiome+basalt,y,y,cherry,7,1/3rd,NA,25,6,12,5,1,1,0,65%,20%,10%,0%,NA,
2023-06-28,C,2,broadleaf+microbiome+basalt,y,y,cherry,7,2/3rd,NA,15,2,10,2,1,0,0,85%,5%,5%,0%,NA,
2023-06-28,C,2,broadleaf+microbiome+basalt,y,y,birch,8,1/3rd,1/3rd ,24,12,8,3,1,0,0,90%,5%,5%,0%,NA,
2023-06-28,C,2,broadleaf+microbiome+basalt,y,y,birch,8,1/3rd,2/3rd,6,4,2,0,0,0,0,0%,100%,0%,0%,NA,
2023-06-28,C,2,broadleaf+microbiome+basalt,y,y,birch,8,2/3rd,NA,12,9,1,0,2,0,0,100%,0%,0%,0%,NA,
2023-07-05,C,2,broadleaf+microbiome+basalt,y,y,aspen,9,1/3rd,NA,12,4,3,3,2,0,0,60%,0%,40%,0%,NA,
2023-07-05,C,2,broadleaf+microbiome+basalt,y,y,aspen,9,2/3rd,NA,19,3,7,3,5,1,0,100%,0%,0%,0%,NA,
2023-06-28,C,2,broadleaf+microbiome+basalt,y,y,alder,10,1/3rd,NA,13,5,3,2,2,1,0,0%,60%,40%,0%,NA,
2023-06-28,C,2,broadleaf+microbiome+basalt,y,y,alder,10,2/3rd,NA,16,5,5,2,4,0,0,50%,10%,30%,10%,NA,
2023-06-28,C,2,broadleaf+microbiome+basalt,y,y,oak,11,1/3rd,NA,31,11,13,5,1,1,0,60%,40%,0%,0%,NA,
2023-06-28,C,2,broadleaf+microbiome+basalt,y,y,oak,11,2/3rd,NA,7,1,1,2,1,1,1,100%,0%,0%,0%,NA,
2023-06-28,C,2,broadleaf+microbiome+basalt,y,y,rowan,12,1/3rd,1/3rd ,15,4,10,1,0,0,0,60%,20%,20%,0%,NA,
2023-06-28,C,2,broadleaf+microbiome+basalt,y,y,rowan,12,1/3rd,2/3rd,13,5,3,2,1,0,2,80%,0%,20%,0%,NA,
2023-06-28,C,2,broadleaf+microbiome+basalt,y,y,rowan,12,2/3rd,1/3rd ,15,1,7,5,0,1,1,80%,10%,10%,0%,NA,
2023-06-28,C,2,broadleaf+microbiome+basalt,y,y,rowan,12,2/3rd,2/3rd,13,11,1,0,1,0,0,70%,30%,0%,0%,NA,
2023-06-28,C,1,broadleaf,n,n,oak,13,1/3rd,NA,13,6,3,3,1,0,0,100%,0%,0%,0%,NA,
2023-06-28,C,1,broadleaf,n,n,oak,13,2/3rd,1/3rd ,15,1,6,4,2,2,0,60%,40%,0%,0%,NA,
2023-06-28,C,1,broadleaf,n,n,cherry,14,1/3rd,NA,18,2,12,1,3,0,0,60%,30%,10%,0%,leaf_curl,
2023-06-28,C,1,broadleaf,n,n,cherry,14,2/3rd,NA,24,4,16,1,3,0,0,90%,10%,0%,0%,NA,
2023-06-28,C,1,broadleaf,n,n,alder,15,1/3rd,NA,18,5,9,2,1,1,0,90%,0%,10%,0%,NA,
2023-06-28,C,1,broadleaf,n,n,alder,15,2/3rd,NA,10,4,2,2,2,0,0,70%,10%,10%,10%,NA,
2023-07-05,C,1,broadleaf,n,n,aspen,16,1/3rd,1/3rd ,8,2,3,1,1,1,0,100%,0%,0%,0%,NA,
2023-07-05,C,1,broadleaf,n,n,aspen,16,1/3rd,2/3rd,5,5,0,0,0,0,0,0%,0%,0%,0%,NA,
2023-07-05,C,1,broadleaf,n,n,aspen,16,2/3rd,NA,9,7,2,0,0,0,0,50%,50%,0%,0%,NA,
2023-06-28,C,1,broadleaf,n,n,birch,17,1/3rd,NA,22,9,8,4,1,0,0,90%,5%,5%,0%,NA,
2023-06-28,C,1,broadleaf,n,n,birch,17,2/3rd,NA,34,21,7,3,3,0,0,90%,5%,5%,0%,NA,
2023-06-28,C,1,broadleaf,n,n,rowan,18,1/3rd,1/3rd ,13,1,5,2,2,3,0,95%,5%,0%,0%,NA,
2023-06-28,C,1,broadleaf,n,n,rowan,18,1/3rd,2/3rd,13,11,2,0,0,0,0,50%,50%,0%,0%,NA,
2023-06-28,C,1,broadleaf,n,n,rowan,18,2/3rd,NA,15,5,3,3,3,0,1,95%,0%,5%,0%,NA,
2023-06-29,C,24,broadleaf+microbiome,n,y,alder,19,1/3rd,NA,22,12,6,2,2,0,0,70%,5%,25%,0%,NA,
2023-06-29,C,24,broadleaf+microbiome,n,y,alder,19,2/3rd,NA,6,1,1,0,1,0,0,100%,0%,0%,0%,NA,
2023-06-29,C,24,broadleaf+microbiome,n,y,cherry,20,1/3rd,NA,13,4,3,1,3,2,0,85%,5%,0%,10%,NA,
2023-06-29,C,24,broadleaf+microbiome,n,y,cherry,20,2/3rd,NA,14,2,9,3,0,0,0,90%,5%,0%,0%,NA,
2023-06-29,C,24,broadleaf+microbiome,n,y,oak,21,1/3rd,NA,30,2,15,9,3,1,0,5%,90%,0%,5%,NA,
2023-06-29,C,24,broadleaf+microbiome,n,y,oak,21,2/3rd,NA,11,0,3,4,3,0,1,40%,60%,0%,0%,NA,
2023-06-29,C,24,broadleaf+microbiome,n,y,birch,22,1/3rd,NA,28,23,4,0,1,0,0,100%,0%,0%,0%,NA,
2023-06-29,C,24,broadleaf+microbiome,n,y,birch,22,1/3rd,NA,13,8,3,1,0,1,0,60%,0%,0%,40%,NA,
2023-06-29,C,24,broadleaf+microbiome,n,y,rowan,23,1/3rd,1/3rd ,15,5,1,1,4,3,1,100%,0%,0%,0%,NA,
2023-06-29,C,24,broadleaf+microbiome,n,y,rowan,23,1/3rd,2/3rd,13,11,2,0,0,0,0,100%,0%,0%,0%,NA,
2023-06-29,C,24,broadleaf+microbiome,n,y,rowan,23,2/3rd,1/3rd ,15,9,2,1,2,1,0,95%,5%,0%,0%,NA,
2023-06-29,C,24,broadleaf+microbiome,n,y,rowan,23,2/3rd,2/3rd,13,12,1,0,0,0,0,100%,0%,0%,0%,NA,
2023-06-29,C,24,broadleaf+microbiome,n,y,aspen,24,1/3rd,1/3rd ,13,7,1,3,2,0,0,100%,0%,0%,0%,NA,
2023-06-29,C,24,broadleaf+microbiome,n,y,aspen,24,1/3rd,2/3rd,9,4,5,0,0,0,0,100%,0%,0%,0%,NA,
2023-06-29,C,24,broadleaf+microbiome,n,y,aspen,24,2/3rd,NA,14,8,3,1,2,0,0,90%,10%,0%,0%,NA,
2023-06-29,D,28,broadleaf,n,n,birch,25,1/3rd,1/3rd ,25,24,1,0,0,0,0,100%,0%,0%,0%,NA,
2023-06-29,D,28,broadleaf,n,n,birch,25,1/3rd,2/3rd,6,4,2,0,0,0,0,100%,0%,0%,0%,NA,
2023-06-29,D,28,broadleaf,n,n,birch,25,2/3rd,NA,57,47,9,1,0,0,0,80%,20%,0%,0%,NA,
2023-06-29,D,28,broadleaf,n,n,oak,26,1/3rd,1/3rd ,13,0,9,3,1,0,0,65%,30%,5%,0%,NA,
2023-06-29,D,28,broadleaf,n,n,oak,26,1/3rd,2/3rd,16,0,0,0,2,6,8,50%,50%,0%,0%,NA,
2023-06-29,D,28,broadleaf,n,n,oak,26,2/3rd,NA,11,0,1,0,3,5,2,40%,60%,0%,0%,NA,
2023-06-29,D,28,broadleaf,n,n,rowan,27,1/3rd,1/3rd ,32,15,10,6,1,0,0,20%,80%,0%,0%,NA,
2023-06-29,D,28,broadleaf,n,n,rowan,27,1/3rd,2/3rd,11,4,3,4,0,0,0,100%,0%,0%,0%,NA,
2023-06-29,D,28,broadleaf,n,n,rowan,27,2/3rd,1/3rd ,11,9,2,0,0,0,0,95%,5%,0%,0%,NA,
2023-06-29,D,28,broadleaf,n,n,rowan,27,2/3rd,2/3rd,13,10,2,1,0,0,0,100%,0%,0%,0%,NA,
2023-06-29,D,28,broadleaf,n,n,alder,28,1/3rd,NA,28,12,6,5,5,0,0,60%,20%,10%,10%,NA,
2023-06-29,D,28,broadleaf,n,n,alder,28,2/3rd,NA,6,5,1,0,0,0,0,100%,0%,0%,0%,NA,
2023-06-29,D,28,broadleaf,n,n,aspen,29,1/3rd,NA,14,6,5,3,0,0,0,95%,5%,0%,0%,NA,
2023-06-29,D,28,broadleaf,n,n,aspen,29,2/3rd,NA,9,6,3,0,0,0,0,100%,0%,0%,0%,NA,
2023-06-29,D,28,broadleaf,n,n,cherry,30,1/3rd,NA,22,9,10,2,1,0,0,95%,5%,0%,0%,leaf_curl,
2023-06-29,D,28,broadleaf,n,n,cherry,30,2/3rd,NA,11,4,7,0,0,0,0,100%,0%,0%,0%,leaf_curl,
2023-06-29,D,31,broadleaf+microbiome+basalt,y,y,cherry,31,1/3rd,1/3rd ,19,5,9,4,1,0,0,95%,5%,0%,0%,leaf_curl,
2023-06-29,D,31,broadleaf+microbiome+basalt,y,y,cherry,31,1/3rd,2/3rd,14,4,6,2,0,0,2,100%,0%,0%,0%,leaf_curl,
2023-06-29,D,31,broadleaf+microbiome+basalt,y,y,cherry,31,2/3rd,NA,16,9,4,0,1,0,2,100%,0%,0%,0%,leaf_curl,
2023-06-29,D,31,broadleaf+microbiome+basalt,y,y,alder,32,1/3rd,1/3rd,7,2,1,2,1,1,0,80%,5%,15%,0%,NA,
2023-06-29,D,31,broadleaf+microbiome+basalt,y,y,alder,32,1/3rd,2/3rd,6,1,1,1,3,0,0,50%,0%,50%,0%,NA,
2023-06-29,D,31,broadleaf+microbiome+basalt,y,y,alder,32,2/3rd,NA,8,3,3,1,1,0,0,70%,15%,15%,0%,NA,
2023-06-29,D,31,broadleaf+microbiome+basalt,y,y,rowan,33,1/3rd,NA,26,14,11,0,1,0,0,20%,80%,0%,0%,NA,
2023-06-29,D,31,broadleaf+microbiome+basalt,y,y,rowan,33,2/3rd,1/3rd,24,19,2,1,1,1,0,100%,0%,0%,0%,NA,
2023-06-29,D,31,broadleaf+microbiome+basalt,y,y,rowan,33,2/3rd,2/3rd,39,34,3,0,0,2,0,100%,0%,0%,0%,NA,
2023-06-29,D,31,broadleaf+microbiome+basalt,y,y,birch,34,1/3rd,1/3rd,5,2,0,2,0,1,0,100%,0%,0%,0%,NA,
2023-06-29,D,31,broadleaf+microbiome+basalt,y,y,birch,34,1/3rd,2/3rd,10,6,1,3,0,0,0,100%,0%,0%,0%,NA,
2023-06-29,D,31,broadleaf+microbiome+basalt,y,y,birch,34,2/3rd,NA,9,2,2,2,1,1,1,90%,10%,0%,0%,NA,
2023-06-29,D,31,broadleaf+microbiome+basalt,y,y,oak,35,1/3rd,1/3rd,24,4,6,5,5,4,0,80%,20%,0%,0%,NA,
2023-06-29,D,31,broadleaf+microbiome+basalt,y,y,oak,35,1/3rd,2/3rd,10,0,2,3,4,1,0,40%,60%,0%,0%,NA,
2023-06-29,D,31,broadleaf+microbiome+basalt,y,y,oak,35,2/3rd,NA,13,2,6,4,1,0,0,50%,50%,0%,0%,NA,
2023-06-29,D,31,broadleaf+microbiome+basalt,y,y,aspen,36,1/3rd,NA,27,10,10,3,2,2,0,80%,20%,0%,0%,NA,
2023-06-29,D,31,broadleaf+microbiome+basalt,y,y,aspen,36,2/3rd,NA,13,5,4,1,2,1,0,100%,0%,0%,0%,NA,
2023-06-29,D,33,broadleaf+microbiome,n,y,cherry,37,1/3rd,NA,60,8,30,10,9,3,0,90%,5%,5%,0%,leaf_curl,
2023-06-29,D,33,broadleaf+microbiome,n,y,cherry,37,2/3rd,1/3rd ,12,3,4,3,1,1,0,100%,0%,0%,0%,leaf_curl,
2023-06-29,D,33,broadleaf+microbiome,n,y,cherry,37,2/3rd,2/3rd,8,4,3,0,0,1,0,100%,0%,0%,0%,leaf_curl,
2023-06-29,D,33,broadleaf+microbiome,n,y,rowan,38,1/3rd,1/3rd,10,5,0,4,1,0,0,100%,0%,0%,0%,NA,
2023-06-29,D,33,broadleaf+microbiome,n,y,rowan,38,1/3rd,2/3rd,11,11,0,0,0,0,0,0%,0%,0%,0%,NA,
2023-06-29,D,33,broadleaf+microbiome,n,y,rowan,38,2/3rd,1/3rd,13,6,6,0,1,0,0,100%,0%,0%,0%,NA,
2023-06-29,D,33,broadleaf+microbiome,n,y,rowan,38,2/3rd,2/3rd,15,8,5,2,0,0,0,100%,0%,0%,0%,NA,
2023-06-29,D,33,broadleaf+microbiome,n,y,alder,39,1/3rd,1/3rd,6,3,2,0,1,0,0,40%,0%,60%,0%,NA,
2023-06-29,D,33,broadleaf+microbiome,n,y,alder,39,1/3rd,2/3rd,9,3,5,1,0,0,0,30%,30%,40%,0%,NA,
2023-06-29,D,33,broadleaf+microbiome,n,y,alder,39,2/3rd,1/3rd,9,3,1,0,5,0,0,30%,0%,60%,10%,NA,
2023-06-29,D,33,broadleaf+microbiome,n,y,alder,39,2/3rd,2/3rd,8,3,5,0,0,0,0,60%,40%,0%,0%,NA,
2023-06-29,D,33,broadleaf+microbiome,n,y,aspen,40,1/3rd,1/3rd,9,4,2,3,0,0,0,60%,40%,0%,0%,NA,
2023-06-29,D,33,broadleaf+microbiome,n,y,aspen,40,1/3rd,2/3rd,12,9,2,0,1,0,0,70%,30%,0%,0%,NA,
2023-06-29,D,33,broadleaf+microbiome,n,y,aspen,40,2/3rd,NA,11,3,6,2,0,0,0,80%,20%,0%,0%,NA,
2023-06-29,D,33,broadleaf+microbiome,n,y,birch,41,1/3rd,1/3rd,22,16,2,3,0,0,1,60%,40%,0%,0%,NA,
2023-06-29,D,33,broadleaf+microbiome,n,y,birch,41,1/3rd,2/3rd,6,5,1,0,0,0,0,100%,0%,0%,0%,NA,
2023-06-29,D,33,broadleaf+microbiome,n,y,birch,41,2/3rd,1/3rd,7,4,2,1,0,0,0,50%,50%,0%,0%,NA,
2023-06-29,D,33,broadleaf+microbiome,n,y,birch,41,2/3rd,2/3rd,8,7,1,0,0,0,0,100%,0%,0%,0%,NA,
2023-06-29,D,33,broadleaf+microbiome,n,y,oak,42,1/3rd,1/3rd,5,2,3,0,0,0,0,50%,50%,0%,0%,NA,
2023-06-29,D,33,broadleaf+microbiome,n,y,oak,42,1/3rd,2/3rd,16,4,6,2,1,2,1,60%,35%,5%,0%,NA,
2023-06-29,D,33,broadleaf+microbiome,n,y,oak,42,2/3rd,1/3rd,16,2,4,5,2,1,2,100%,0%,0%,0%,NA,
2023-06-29,D,33,broadleaf+microbiome,n,y,oak,42,2/3rd,2/3rd,12,1,1,3,6,1,0,100%,0%,0%,0%,leaf_curl,
2023-06-29,D,35,broadleaf+basalt,y,n,cherry,43,1/3rd,NA,10,0,4,3,2,1,0,100%,0%,0%,0%,NA,
2023-06-29,D,35,broadleaf+basalt,y,n,cherry,43,2/3rd,NA,12,2,3,0,2,3,2,100%,0%,0%,0%,NA,
2023-06-29,D,35,broadleaf+basalt,y,n,birch,44,1/3rd,1/3rd,12,7,5,0,0,0,0,50%,50%,0%,0%,NA,
2023-06-29,D,35,broadleaf+basalt,y,n,birch,44,1/3rd,2/3rd,7,6,1,0,0,0,0,100%,0%,0%,0%,NA,
2023-06-29,D,35,broadleaf+basalt,y,n,birch,44,2/3rd,NA,11,7,3,0,1,0,0,100%,0%,0%,0%,NA,
2023-06-29,D,35,broadleaf+basalt,y,n,rowan,45,1/3rd,1/3rd,11,4,7,0,0,0,0,70%,30%,0%,0%,NA,
2023-06-29,D,35,broadleaf+basalt,y,n,rowan,45,1/3rd,2/3rd,11,2,8,0,0,0,1,90%,10%,0%,0%,NA,
2023-06-29,D,35,broadleaf+basalt,y,n,rowan,45,2/3rd,1/3rd,13,7,5,0,1,0,0,40%,60%,0%,0%,NA,
2023-06-29,D,35,broadleaf+basalt,y,n,rowan,45,2/3rd,2/3rd,11,0,8,0,3,0,0,50%,50%,0%,0%,NA,
2023-06-29,D,35,broadleaf+basalt,y,n,oak,46,1/3rd,1/3rd,10,6,1,2,1,0,0,100%,0%,0%,0%,NA,
2023-06-29,D,35,broadleaf+basalt,y,n,oak,46,1/3rd,2/3rd,10,2,3,2,2,1,0,100%,0%,0%,0%,NA,
2023-06-29,D,35,broadleaf+basalt,y,n,oak,46,2/3rd,1/3rd,11,7,3,1,0,0,0,60%,40%,0%,0%,NA,
2023-06-29,D,35,broadleaf+basalt,y,n,oak,46,2/3rd,2/3rd,9,6,2,1,0,0,0,80%,20%,0%,0%,NA,
2023-06-29,D,35,broadleaf+basalt,y,n,alder,47,1/3rd,NA,6,1,3,0,2,0,0,70%,15%,0%,15%,NA,
2023-06-29,D,35,broadleaf+basalt,y,n,alder,47,2/3rd,NA,8,1,4,3,0,0,0,80%,20%,0%,0%,NA,
2023-06-29,D,35,broadleaf+basalt,y,n,aspen,48,1/3rd,NA,8,3,4,1,0,0,0,30%,70%,0%,0%,NA,
2023-06-29,D,35,broadleaf+basalt,y,n,aspen,48,2/3rd,NA,15,9,4,0,2,0,0,100%,0%,0%,0%,NA,
2023-06-29,H,65,broadleaf+basalt,y,n,alder,49,1/3rd,1/3rd,11,5,4,1,1,0,0,20%,40%,40%,0%,NA,
2023-06-29,H,65,broadleaf+basalt,y,n,alder,49,1/3rd,2/3rd,7,1,4,1,1,0,0,25%,25%,50%,0%,NA,
2023-06-29,H,65,broadleaf+basalt,y,n,alder,49,2/3rd,NA,13,6,6,1,0,0,0,30%,30%,30%,10%,NA,
2023-06-29,H,65,broadleaf+basalt,y,n,birch,50,1/3rd,1/3rd,20,15,3,1,1,0,0,90%,10%,0%,0%,NA,
2023-06-29,H,65,broadleaf+basalt,y,n,birch,50,1/3rd,2/3rd,7,2,3,1,0,1,0,100%,0%,0%,0%,NA,
2023-06-29,H,65,broadleaf+basalt,y,n,birch,50,2/3rd,1/3rd,7,1,3,3,0,0,0,80%,20%,0%,0%,NA,
2023-06-29,H,65,broadleaf+basalt,y,n,birch,50,2/3rd,2/3rd,8,2,3,3,0,0,0,60%,40%,0%,0%,NA,
2023-06-29,H,65,broadleaf+basalt,y,n,oak,51,1/3rd,NA,17,1,11,2,2,1,0,80%,20%,0%,0%,NA,
2023-06-29,H,65,broadleaf+basalt,y,n,oak,51,2/3rd,NA,13,1,2,4,5,1,0,40%,60%,0%,0%,NA,
2023-06-29,H,65,broadleaf+basalt,y,n,cherry,52,1/3rd,1/3rd,11,5,6,0,0,0,0,50%,50%,0%,0%,NA,
2023-06-29,H,65,broadleaf+basalt,y,n,cherry,52,1/3rd,2/3rd,14,4,10,0,0,0,0,65%,35%,0%,0%,leaf_curl,
2023-06-29,H,65,broadleaf+basalt,y,n,cherry,52,2/3rd,NA,10,3,6,0,1,0,0,100%,0%,0%,0%,NA,
2023-06-29,H,65,broadleaf+basalt,y,n,rowan,53,1/3rd,1/3rd,13,1,8,4,0,0,0,30%,70%,0%,0%,NA,
2023-06-29,H,65,broadleaf+basalt,y,n,rowan,53,1/3rd,2/3rd,11,0,2,5,1,2,1,70%,30%,0%,0%,NA,
2023-06-29,H,65,broadleaf+basalt,y,n,rowan,53,2/3rd,1/3rd,17,0,15,0,2,0,0,40%,60%,0%,0%,NA,
2023-06-29,H,65,broadleaf+basalt,y,n,rowan,53,2/3rd,2/3rd,11,0,0,2,3,5,1,80%,20%,0%,0%,NA,
2023-06-29,H,66,broadleaf,n,n,cherry,55,1/3rd,1/3rd,11,2,7,1,1,0,0,80%,20%,0%,0%,NA,
2023-06-29,H,66,broadleaf,n,n,cherry,55,1/3rd,2/3rd,12,1,7,4,0,0,0,80%,20%,0%,0%,NA,
2023-06-29,H,66,broadleaf,n,n,cherry,55,2/3rd,NA,10,7,2,1,0,0,0,70%,30%,0%,0%,NA,
2023-06-29,H,66,broadleaf,n,n,birch,56,1/3rd,NA,19,11,3,2,0,3,0,40%,30%,30%,0%,NA,
2023-06-29,H,66,broadleaf,n,n,birch,56,2/3rd,NA,7,3,4,0,0,0,0,90%,10%,0%,0%,NA,
2023-06-29,H,66,broadleaf,n,n,oak,57,1/3rd,NA,12,2,8,2,0,0,0,80%,20%,0%,0%,NA,
2023-06-29,H,66,broadleaf,n,n,oak,57,2/3rd,NA,12,0,9,2,1,0,0,70%,30%,0%,0%,NA,
2023-06-29,H,66,broadleaf,n,n,rowan,58,1/3rd,1/3rd,15,0,3,5,2,2,3,60%,40%,0%,0%,NA,
2023-06-29,H,66,broadleaf,n,n,rowan,58,1/3rd,2/3rd,10,3,5,2,0,0,0,90%,10%,0%,0%,NA,
2023-06-29,H,66,broadleaf,n,n,rowan,58,2/3rd,1/3rd,11,8,3,0,0,0,0,100%,0%,0%,0%,NA,
2023-06-29,H,66,broadleaf,n,n,rowan,58,2/3rd,2/3rd,13,13,0,0,0,0,0,0%,0%,0%,0%,NA,
2023-06-29,H,66,broadleaf,n,n,alder,59,1/3rd,NA,31,11,7,7,5,1,0,50%,20%,20%,10%,NA,
2023-06-29,H,66,broadleaf,n,n,alder,59,2/3rd,NA,7,1,3,2,1,0,0,80%,20%,0%,0%,NA,
2023-06-29,E,39,broadleaf+microbiome+basalt,y,y,alder,61,1/3rd,1/3rd,19,10,9,0,0,0,0,60%,30%,10%,0%,NA,
2023-06-29,E,39,broadleaf+microbiome+basalt,y,y,alder,61,1/3rd,2/3rd,8,2,5,1,0,0,0,70%,30%,0%,0%,NA,
2023-06-29,E,39,broadleaf+microbiome+basalt,y,y,alder,61,2/3rd,NA,7,2,5,0,0,0,0,90%,10%,0%,0%,NA,
2023-06-29,E,39,broadleaf+microbiome+basalt,y,y,cherry,62,1/3rd,NA,7,1,3,1,0,2,0,100%,0%,0%,0%,NA,
2023-06-29,E,39,broadleaf+microbiome+basalt,y,y,cherry,62,2/3rd,NA,10,5,2,1,0,1,1,100%,0%,0%,0%,leaf_curl,
2023-06-29,E,39,broadleaf+microbiome+basalt,y,y,rowan,63,1/3rd,1/3rd,15,8,4,1,2,0,0,50%,50%,0%,0%,NA,
2023-06-29,E,39,broadleaf+microbiome+basalt,y,y,rowan,63,1/3rd,2/3rd,12,6,5,1,0,0,0,80%,20%,0%,0%,NA,
2023-06-29,E,39,broadleaf+microbiome+basalt,y,y,rowan,63,2/3rd,NA,16,4,7,2,0,1,2,80%,20%,0%,0%,NA,
2023-06-29,E,39,broadleaf+microbiome+basalt,y,y,birch,64,1/3rd,1/3rd,33,23,8,1,1,0,0,80%,20%,0%,0%,NA,
2023-06-29,E,39,broadleaf+microbiome+basalt,y,y,birch,64,1/3rd,2/3rd,5,5,0,0,0,0,0,0%,0%,0%,0%,NA,
2023-06-29,E,39,broadleaf+microbiome+basalt,y,y,birch,64,2/3rd,1/3rd,17,5,3,6,3,0,0,90%,10%,0%,0%,NA,
2023-06-29,E,39,broadleaf+microbiome+basalt,y,y,birch,64,2/3rd,2/3rd,13,3,6,2,1,1,0,100%,0%,0%,0%,NA,
2023-06-29,E,39,broadleaf+microbiome+basalt,y,y,oak,65,1/3rd,1/3rd,11,2,5,3,0,1,0,90%,10%,0%,0%,NA,
2023-06-29,E,39,broadleaf+microbiome+basalt,y,y,oak,65,1/3rd,2/3rd,20,2,12,5,1,0,0,80%,20%,0%,0%,NA,
2023-06-29,E,39,broadleaf+microbiome+basalt,y,y,oak,65,2/3rd,NA,18,2,5,5,4,2,0,50%,50%,0%,0%,NA,
2023-06-29,E,39,broadleaf+microbiome+basalt,y,y,aspen,66,1/3rd,NA,11,4,4,1,2,0,0,60%,30%,0%,10%,NA,
2023-06-29,E,39,broadleaf+microbiome+basalt,y,y,aspen,66,2/3rd,NA,13,5,3,2,2,1,0,100%,0%,0%,0%,NA,
2023-06-30,E,38,broadleaf+microbiome,n,y,birch,67,1/3rd,1/3rd,7,5,2,0,0,0,0,100%,0%,0%,0%,NA,
2023-06-30,E,38,broadleaf+microbiome,n,y,birch,67,1/3rd,2/3rd,7,5,0,0,1,0,1,100%,0%,0%,0%,NA,
2023-06-30,E,38,broadleaf+microbiome,n,y,birch,67,2/3rd,1/3rd,7,5,1,0,1,0,0,100%,0%,0%,0%,NA,
2023-06-30,E,38,broadleaf+microbiome,n,y,birch,67,2/3rd,2/3rd,6,5,1,0,0,0,0,100%,0%,0%,0%,NA,
2023-06-30,E,38,broadleaf+microbiome,n,y,cherry,68,1/3rd,NA,10,4,4,1,0,1,0,80%,20%,0%,0%,NA,
2023-06-30,E,38,broadleaf+microbiome,n,y,cherry,68,2/3rd,NA,11,6,3,2,0,0,0,70%,30%,0%,0%,NA,
2023-06-30,E,38,broadleaf+microbiome,n,y,alder,69,1/3rd,1/3rd,4,2,1,1,0,0,0,50%,50%,0%,0%,NA,
2023-06-30,E,38,broadleaf+microbiome,n,y,alder,69,1/3rd,2/3rd,5,2,3,0,0,0,0,80%,20%,0%,0%,NA,
2023-06-30,E,38,broadleaf+microbiome,n,y,alder,69,2/3rd,NA,9,5,3,1,0,0,0,80%,20%,0%,0%,NA,
2023-06-30,E,38,broadleaf+microbiome,n,y,aspen,70,1/3rd,NA,27,4,4,1,6,10,2,80%,20%,0%,0%,NA,
2023-06-30,E,38,broadleaf+microbiome,n,y,aspen,70,2/3rd,NA,13,6,3,3,1,0,0,80%,20%,0%,0%,NA,
2023-06-30,E,38,broadleaf+microbiome,n,y,oak,71,1/3rd,1/3rd,8,0,0,3,2,1,2,50%,50%,0%,0%,NA,
2023-06-30,E,38,broadleaf+microbiome,n,y,oak,71,1/3rd,2/3rd,10,0,0,0,9,1,0,30%,70%,0%,0%,NA,
2023-06-30,E,38,broadleaf+microbiome,n,y,oak,71,2/3rd,NA,13,0,0,0,3,7,3,50%,50%,0%,0%,NA,
2023-06-30,E,38,broadleaf+microbiome,n,y,rowan,72,1/3rd,1/3rd,14,8,6,0,0,0,0,90%,10%,0%,0%,NA,
2023-06-30,E,38,broadleaf+microbiome,n,y,rowan,72,1/3rd,2/3rd,12,8,2,0,1,1,0,80%,20%,0%,0%,NA,
2023-06-30,E,38,broadleaf+microbiome,n,y,rowan,72,2/3rd,1/3rd,14,6,2,1,2,2,1,90%,10%,0%,0%,NA,
2023-06-30,E,38,broadleaf+microbiome,n,y,rowan,72,2/3rd,2/3rd,13,0,2,1,7,2,1,90%,10%,0%,0%,NA,
2023-06-30,E,37,broadleaf,n,n,aspen,73,1/3rd,NA,11,5,3,3,0,0,0,80%,20%,0%,0%,NA,
2023-06-30,E,37,broadleaf,n,n,aspen,73,2/3rd,NA,11,5,2,3,0,0,1,90%,10%,0%,0%,NA,
2023-07-07,E,37,broadleaf,n,n,birch,74,1/3rd,1/3rd,6,1,2,0,3,0,0,100%,0%,0%,0%,NA,
2023-07-07,E,37,broadleaf,n,n,birch,74,1/3rd,2/3rd,6,3,1,1,0,1,0,60%,40%,0%,0%,NA,
2023-07-07,E,37,broadleaf,n,n,birch,74,2/3rd,1/3rd,6,5,1,0,0,0,0,100%,0%,0%,0%,NA,
2023-07-07,E,37,broadleaf,n,n,birch,74,2/3rd,2/3rd,8,6,1,1,0,0,0,60%,40%,0%,0%,NA,
2023-06-30,E,37,broadleaf,n,n,alder,75,1/3rd,1/3rd,4,1,2,0,1,0,0,30%,0%,10%,40%,NA,
2023-06-30,E,37,broadleaf,n,n,alder,75,1/3rd,2/3rd,4,3,1,0,0,0,0,50%,50%,0%,0%,NA,
2023-06-30,E,37,broadleaf,n,n,alder,75,2/3rd,NA,5,4,1,0,0,0,0,100%,0%,0%,0%,NA,
2023-06-30,E,37,broadleaf,n,n,rowan,76,1/3rd,1/3rd,15,12,3,0,0,0,0,60%,40%,0%,0%,NA,
2023-06-30,E,37,broadleaf,n,n,rowan,76,1/3rd,2/3rd,11,10,1,0,0,0,0,100%,0%,0%,0%,NA,
2023-06-30,E,37,broadleaf,n,n,rowan,76,2/3rd,1/3rd,15,12,2,1,0,0,0,100%,0%,0%,0%,NA,
2023-06-30,E,37,broadleaf,n,n,rowan,76,2/3rd,2/3rd,12,10,2,0,0,0,0,50%,50%,0%,0%,NA,
2023-06-30,E,37,broadleaf,n,n,oak,77,1/3rd,1/3rd,13,1,3,3,4,1,1,50%,50%,0%,0%,NA,
2023-06-30,E,37,broadleaf,n,n,oak,77,1/3rd,2/3rd,12,0,4,4,3,1,0,30%,70%,0%,0%,NA,
2023-06-30,E,37,broadleaf,n,n,oak,77,2/3rd,NA,11,0,3,1,6,1,0,20%,80%,0%,0%,NA,
2023-06-30,E,37,broadleaf,n,n,cherry,78,1/3rd,1/3rd,11,7,1,0,0,3,0,100%,0%,0%,0%,NA,
2023-06-30,E,37,broadleaf,n,n,cherry,78,1/3rd,2/3rd,14,6,7,0,0,1,0,100%,0%,0%,0%,NA,
2023-06-30,E,37,broadleaf,n,n,cherry,78,2/3rd,NA,14,2,5,0,4,2,1,100%,0%,0%,0%,NA,
2023-06-30,E,43,broadleaf+basalt,y,n,alder,79,1/3rd,1/3rd,6,2,4,0,0,0,0,100%,0%,0%,0%,NA,
2023-06-30,E,43,broadleaf+basalt,y,n,alder,79,1/3rd,2/3rd,8,7,1,0,0,0,0,0%,0%,100%,0%,NA,
2023-06-30,E,43,broadleaf+basalt,y,n,alder,79,2/3rd,NA,14,10,2,2,0,0,0,40%,40%,20%,0%,NA,
2023-06-30,E,43,broadleaf+basalt,y,n,oak,80,1/3rd,NA,13,9,1,1,2,0,0,70%,30%,0%,0%,NA,
2023-06-30,E,43,broadleaf+basalt,y,n,oak,80,2/3rd,NA,13,10,3,0,0,0,0,100%,0%,0%,0%,NA,
2023-06-30,E,43,broadleaf+basalt,y,n,aspen,81,1/3rd,NA,7,6,1,0,0,0,0,100%,0%,0%,0%,NA,
2023-06-30,E,43,broadleaf+basalt,y,n,aspen,81,2/3rd,NA,15,9,3,2,1,0,0,60%,40%,0%,0%,NA,
2023-06-30,E,43,broadleaf+basalt,y,n,birch,82,1/3rd,NA,24,18,6,0,0,0,0,30%,70%,0%,0%,NA,
2023-06-30,E,43,broadleaf+basalt,y,n,birch,82,2/3rd,1/3rd,5,3,1,1,0,0,0,50%,50%,0%,0%,NA,
2023-06-30,E,43,broadleaf+basalt,y,n,birch,82,2/3rd,2/3rd,7,5,2,0,0,0,0,60%,40%,0%,0%,NA,
2023-06-30,E,43,broadleaf+basalt,y,n,rowan,83,1/3rd,NA,15,15,0,0,0,0,0,0%,0%,0%,0%,NA,
2023-06-30,E,43,broadleaf+basalt,y,n,rowan,83,2/3rd,NA,11,10,1,0,0,0,0,100%,0%,0%,0%,NA,
2023-06-30,E,43,broadleaf+basalt,y,n,cherry,84,1/3rd,1/3rd,26,12,9,5,0,0,0,80%,20%,0%,0%,NA,
2023-06-30,E,43,broadleaf+basalt,y,n,cherry,84,1/3rd,2/3rd,15,7,5,0,0,3,0,90%,10%,0%,0%,leaf_curl,
2023-06-30,E,43,broadleaf+basalt,y,n,cherry,84,2/3rd,NA,11,0,5,3,2,1,0,100%,0%,0%,0%,NA,
2023-07-03,H,69,broadleaf+microbiome+basalt,y,y,oak,85,1/3rd,NA,14,1,8,3,1,1,0,80%,20%,0%,0%,NA,
2023-07-03,H,69,broadleaf+microbiome+basalt,y,y,oak,85,2/3rd,NA,8,0,3,1,2,1,1,80%,10%,10%,0%,NA,
2023-07-03,H,69,broadleaf+microbiome+basalt,y,y,birch,86,1/3rd,1/3rd,20,10,9,1,0,0,0,70%,30%,0%,0%,NA,
2023-07-03,H,69,broadleaf+microbiome+basalt,y,y,birch,86,1/3rd,2/3rd,7,3,4,0,0,0,0,90%,10%,0%,0%,NA,
2023-07-03,H,69,broadleaf+microbiome+basalt,y,y,birch,86,2/3rd,1/3rd,7,5,2,0,0,0,0,100%,0%,0%,0%,NA,
2023-07-03,H,69,broadleaf+microbiome+basalt,y,y,birch,86,2/3rd,2/3rd,10,5,4,1,0,0,0,100%,0%,0%,0%,NA,
2023-07-03,H,69,broadleaf+microbiome+basalt,y,y,rowan,87,1/3rd,1/3rd,15,11,3,1,0,0,0,100%,0%,0%,0%,NA,
2023-07-03,H,69,broadleaf+microbiome+basalt,y,y,rowan,87,1/3rd,2/3rd,11,9,2,0,0,0,0,100%,0%,0%,0%,NA,
2023-07-03,H,69,broadleaf+microbiome+basalt,y,y,rowan,87,2/3rd,NA,15,5,7,3,0,0,0,80%,20%,0%,0%,NA,
2023-07-03,H,69,broadleaf+microbiome+basalt,y,y,aspen,88,1/3rd,NA,10,6,3,0,0,0,1,100%,0%,0%,0%,NA,
2023-07-03,H,69,broadleaf+microbiome+basalt,y,y,aspen,88,2/3rd,NA,13,8,4,0,1,0,0,100%,0%,0%,0%,NA,
2023-07-03,H,69,broadleaf+microbiome+basalt,y,y,cherry,89,1/3rd,1/3rd,19,3,8,3,4,1,0,100%,0%,0%,0%,NA,
2023-07-03,H,69,broadleaf+microbiome+basalt,y,y,cherry,89,1/3rd,2/3rd,7,0,5,2,0,0,0,100%,0%,0%,0%,NA,
2023-07-03,H,69,broadleaf+microbiome+basalt,y,y,cherry,89,2/3rd,NA,13,3,8,1,1,0,0,100%,0%,0%,0%,NA,
2023-07-03,H,69,broadleaf+microbiome+basalt,y,y,alder,90,1/3rd,1/3rd,5,3,0,2,0,0,0,0%,50%,50%,0%,NA,
2023-07-03,H,69,broadleaf+microbiome+basalt,y,y,alder,90,1/3rd,2/3rd,6,1,1,2,2,0,0,50%,20%,30%,0%,NA,
2023-07-03,H,69,broadleaf+microbiome+basalt,y,y,alder,90,2/3rd,NA,12,3,4,2,3,0,0,50%,20%,30%,0%,NA,
2023-07-03,H,71,broadleaf+microbiome,n,y,cherry,91,1/3rd,1/3rd,6,4,2,0,0,0,0,0%,100%,0%,0%,NA,
2023-07-03,H,71,broadleaf+microbiome,n,y,cherry,91,1/3rd,2/3rd,12,1,10,1,0,0,0,0%,100%,0%,0%,NA,
2023-07-03,H,71,broadleaf+microbiome,n,y,cherry,91,2/3rd,NA,12,1,10,1,0,0,0,100%,0%,0%,0%,leaf_curl,
2023-07-03,H,71,broadleaf+microbiome,n,y,birch,92,1/3rd,1/3rd,29,9,10,7,2,1,0,50%,50%,0%,0%,NA,
2023-07-03,H,71,broadleaf+microbiome,n,y,birch,92,1/3rd,2/3rd,6,3,2,0,0,1,0,90%,10%,0%,0%,NA,
2023-07-03,H,71,broadleaf+microbiome,n,y,birch,92,2/3rd,1/3rd,7,4,3,0,0,0,0,100%,0%,0%,0%,NA,
2023-07-03,H,71,broadleaf+microbiome,n,y,birch,92,2/3rd,2/3rd,6,5,1,0,0,0,0,100%,0%,0%,0%,NA,
2023-07-03,H,71,broadleaf+microbiome,n,y,aspen,93,1/3rd,1/3rd,6,2,1,2,0,1,0,100%,0%,0%,0%,NA,
2023-07-03,H,71,broadleaf+microbiome,n,y,aspen,93,1/3rd,2/3rd,12,9,1,2,0,0,0,100%,0%,0%,0%,NA,
2023-07-03,H,71,broadleaf+microbiome,n,y,aspen,93,2/3rd,NA,12,2,6,2,1,1,0,100%,0%,0%,0%,NA,
2023-07-03,H,71,broadleaf+microbiome,n,y,oak,94,1/3rd,NA,12,4,4,2,1,1,0,80%,20%,0%,0%,NA,
2023-07-03,H,71,broadleaf+microbiome,n,y,oak,94,2/3rd,NA,20,7,7,3,1,2,0,80%,20%,0%,0%,NA,
2023-07-03,H,71,broadleaf+microbiome,n,y,rowan,95,1/3rd,NA,34,28,5,0,0,1,0,90%,10%,0%,0%,NA,
2023-07-03,H,71,broadleaf+microbiome,n,y,rowan,95,2/3rd,1/3rd,11,7,4,0,0,0,0,100%,0%,0%,0%,NA,
2023-07-03,H,71,broadleaf+microbiome,n,y,rowan,95,2/3rd,2/3rd,10,2,4,1,1,1,1,60%,40%,0%,0%,NA,
2023-07-03,H,71,broadleaf+microbiome,n,y,alder,96,1/3rd,1/3rd,6,1,3,1,1,0,0,60%,20%,0%,20%,NA,
2023-07-03,H,71,broadleaf+microbiome,n,y,alder,96,1/3rd,2/3rd,6,1,1,4,0,0,0,60%,30%,10%,0%,NA,
2023-07-03,H,71,broadleaf+microbiome,n,y,alder,96,2/3rd,NA,7,1,3,3,0,0,0,80%,20%,0%,0%,NA,
2023-07-03,G,60,broadleaf+basalt,y,n,rowan,97,1/3rd,1/3rd,13,6,5,2,0,0,0,80%,20%,0%,0%,NA,
2023-07-03,G,60,broadleaf+basalt,y,n,rowan,97,1/3rd,2/3rd,17,10,1,5,0,1,0,90%,10%,0%,0%,NA,
2023-07-03,G,60,broadleaf+basalt,y,n,rowan,97,2/3rd,NA,15,1,4,2,5,3,0,100%,0%,0%,0%,NA,
2023-07-03,G,60,broadleaf+basalt,y,n,birch,98,1/3rd,1/3rd,12,11,1,0,0,0,0,0%,100%,0%,0%,NA,
2023-07-03,G,60,broadleaf+basalt,y,n,birch,98,1/3rd,2/3rd,5,3,2,0,0,0,0,100%,0%,0%,0%,NA,
2023-07-03,G,60,broadleaf+basalt,y,n,birch,98,2/3rd,1/3rd,6,4,1,1,0,0,0,40%,0%,60%,0%,NA,
2023-07-03,G,60,broadleaf+basalt,y,n,birch,98,2/3rd,2/3rd,8,4,1,2,1,0,0,60%,20%,0%,20%,NA,
2023-07-03,G,60,broadleaf+basalt,y,n,alder,99,1/3rd,1/3rd,7,4,3,0,0,0,0,100%,0%,0%,0%,NA,
2023-07-03,G,60,broadleaf+basalt,y,n,alder,99,1/3rd,2/3rd,6,2,3,1,0,0,0,100%,0%,0%,0%,NA,
2023-07-03,G,60,broadleaf+basalt,y,n,alder,99,2/3rd,NA,7,1,1,5,0,0,0,60%,20%,20%,0%,NA,
2023-07-03,G,60,broadleaf+basalt,y,n,oak,100,1/3rd,1/3rd,9,3,1,3,1,1,0,80%,20%,0%,0%,NA,
2023-07-03,G,60,broadleaf+basalt,y,n,oak,100,1/3rd,2/3rd,8,3,0,2,2,1,0,60%,20%,0%,20%,NA,
2023-07-03,G,60,broadleaf+basalt,y,n,oak,100,2/3rd,1/3rd,26,17,8,1,0,0,0,70%,30%,0%,0%,NA,
2023-07-03,G,60,broadleaf+basalt,y,n,oak,100,2/3rd,2/3rd,8,2,4,2,0,0,0,80%,10%,0%,10%,NA,
2023-07-03,G,60,broadleaf+basalt,y,n,cherry,101,1/3rd,1/3rd,6,0,6,0,0,0,0,80%,20%,0%,0%,leaf_curl,
2023-07-03,G,60,broadleaf+basalt,y,n,cherry,101,1/3rd,2/3rd,6,1,4,1,0,0,0,100%,0%,0%,0%,NA,
2023-07-03,G,60,broadleaf+basalt,y,n,cherry,101,2/3rd,NA,10,5,5,0,0,0,0,100%,0%,0%,0%,NA,
2023-07-03,G,60,broadleaf+basalt,y,n,aspen,102,1/3rd,NA,14,9,4,1,0,0,0,100%,0%,0%,0%,NA,
2023-07-03,G,60,broadleaf+basalt,y,n,aspen,102,2/3rd,NA,10,3,2,2,1,0,2,100%,0%,0%,0%,NA,
2023-07-03,G,59,broadleaf+microbiome,n,y,birch,103,1/3rd,1/3rd,6,5,1,0,0,0,0,0%,100%,0%,0%,NA,
2023-07-03,G,59,broadleaf+microbiome,n,y,birch,103,1/3rd,2/3rd,6,3,2,0,0,0,1,100%,0%,0%,0%,NA,
2023-07-03,G,59,broadleaf+microbiome,n,y,birch,103,2/3rd,1/3rd,6,3,3,0,0,0,0,80%,20%,0%,0%,NA,
2023-07-03,G,59,broadleaf+microbiome,n,y,birch,103,2/3rd,2/3rd,7,6,1,0,0,0,0,0%,100%,0%,0%,NA,
2023-07-03,G,59,broadleaf+microbiome,n,y,aspen,104,1/3rd,1/3rd,11,5,4,2,0,0,0,100%,0%,0%,0%,NA,
2023-07-03,G,59,broadleaf+microbiome,n,y,aspen,104,1/3rd,2/3rd,10,4,4,0,2,0,0,100%,0%,0%,0%,NA,
2023-07-03,G,59,broadleaf+microbiome,n,y,aspen,104,2/3rd,NA,16,11,5,0,0,0,0,100%,0%,0%,0%,NA,
2023-07-03,G,59,broadleaf+microbiome,n,y,cherry,105,1/3rd,1/3rd,4,1,0,1,2,0,0,100%,0%,0%,0%,NA,
2023-07-03,G,59,broadleaf+microbiome,n,y,cherry,105,1/3rd,2/3rd,7,3,2,1,1,0,0,100%,0%,0%,0%,NA,
2023-07-03,G,59,broadleaf+microbiome,n,y,cherry,105,2/3rd,NA,10,2,3,4,1,0,0,80%,20%,0%,0%,NA,
2023-07-03,G,59,broadleaf+microbiome,n,y,alder,106,1/3rd,NA,5,3,0,0,1,0,1,100%,0%,0%,0%,NA,
2023-07-03,G,59,broadleaf+microbiome,n,y,alder,106,2/3rd,NA,6,2,0,2,1,1,0,80%,0%,20%,0%,NA,
2023-07-03,G,59,broadleaf+microbiome,n,y,oak,107,1/3rd,NA,33,6,19,6,2,0,0,90%,10%,0%,0%,NA,
2023-07-03,G,59,broadleaf+microbiome,n,y,oak,107,2/3rd,NA,11,0,3,2,4,2,0,60%,40%,0%,0%,NA,
2023-07-03,G,59,broadleaf+microbiome,n,y,rowan,108,1/3rd,1/3rd,13,7,4,1,1,0,0,90%,10%,0%,0%,NA,
2023-07-03,G,59,broadleaf+microbiome,n,y,rowan,108,1/3rd,2/3rd,12,8,2,1,1,0,0,80%,0%,20%,0%,NA,
2023-07-03,G,59,broadleaf+microbiome,n,y,rowan,108,2/3rd,1/3rd,13,11,2,0,0,0,0,50%,50%,0%,0%,NA,
2023-07-03,G,59,broadleaf+microbiome,n,y,rowan,108,2/3rd,2/3rd,13,9,4,0,0,0,0,20%,80%,0%,0%,NA,
2023-07-03,G,55,broadleaf,n,n,alder,109,1/3rd,NA,34,11,8,5,5,5,0,50%,20%,20%,10%,NA,
2023-07-03,G,55,broadleaf,n,n,alder,109,2/3rd,NA,14,6,2,2,2,2,0,60%,20%,20%,0%,NA,
2023-07-03,G,55,broadleaf,n,n,cherry,110,1/3rd,1/3rd,5,1,4,0,0,0,0,90%,10%,0%,0%,NA,
2023-07-03,G,55,broadleaf,n,n,cherry,110,1/3rd,2/3rd,9,2,6,1,0,0,0,90%,10%,0%,0%,NA,
2023-07-03,G,55,broadleaf,n,n,cherry,110,2/3rd,NA,10,1,8,0,1,0,0,96%,5%,0%,0%,NA,
2023-07-03,G,55,broadleaf,n,n,oak,111,1/3rd,NA,20,4,7,6,3,0,0,20%,80%,0%,0%,NA,
2023-07-03,G,55,broadleaf,n,n,oak,111,2/3rd,NA,15,5,3,5,2,0,0,20%,80%,0%,0%,NA,
2023-07-03,G,55,broadleaf,n,n,birch,112,1/3rd,1/3rd,6,3,3,0,0,0,0,0%,100%,0%,0%,NA,
2023-07-03,G,55,broadleaf,n,n,birch,112,1/3rd,2/3rd,18,12,4,2,0,0,0,20%,60%,20%,0%,NA,
2023-07-03,G,55,broadleaf,n,n,birch,112,2/3rd,1/3rd,8,4,2,2,0,0,0,70%,30%,0%,0%,NA,
2023-07-03,G,55,broadleaf,n,n,birch,112,2/3rd,2/3rd,11,9,2,0,0,0,0,100%,0%,0%,0%,NA,
2023-07-03,G,55,broadleaf,n,n,aspen,113,1/3rd,1/3rd,8,5,2,0,1,0,0,80%,20%,0%,0%,NA,
2023-07-03,G,55,broadleaf,n,n,aspen,113,1/3rd,2/3rd,9,3,3,2,1,0,0,100%,0%,0%,0%,NA,
2023-07-03,G,55,broadleaf,n,n,aspen,113,2/3rd,NA,13,8,3,0,2,0,0,100%,0%,0%,0%,NA,
2023-07-03,G,55,broadleaf,n,n,rowan,114,1/3rd,1/3rd,13,11,2,0,0,0,0,0%,0%,100%,0%,NA,
2023-07-03,G,55,broadleaf,n,n,rowan,114,1/3rd,2/3rd,13,10,3,0,0,0,0,100%,0%,0%,0%,NA,
2023-07-03,G,55,broadleaf,n,n,rowan,114,2/3rd,1/3rd,11,8,3,0,0,0,0,100%,0%,0%,0%,NA,
2023-07-03,G,55,broadleaf,n,n,rowan,114,2/3rd,2/3rd,10,10,0,0,0,0,0,0%,0%,0%,0%,NA,
2023-07-03,G,57,broadleaf+microbiome+basalt,y,y,alder,115,1/3rd,1/3rd,5,1,0,2,2,0,0,100%,0%,0%,0%,NA,
2023-07-03,G,57,broadleaf+microbiome+basalt,y,y,alder,115,1/3rd,2/3rd,6,2,2,1,1,0,0,70%,20%,10%,0%,NA,
2023-07-03,G,57,broadleaf+microbiome+basalt,y,y,alder,115,2/3rd,NA,10,2,3,3,2,0,0,70%,0%,30%,0%,NA,
2023-07-03,G,57,broadleaf+microbiome+basalt,y,y,oak,116,1/3rd,NA,16,6,1,3,5,1,0,50%,50%,0%,0%,NA,
2023-07-03,G,57,broadleaf+microbiome+basalt,y,y,oak,116,2/3rd,NA,13,1,4,4,2,1,1,80%,20%,0%,0%,NA,
2023-07-03,G,57,broadleaf+microbiome+basalt,y,y,aspen,117,1/3rd,NA,8,2,4,1,1,0,0,90%,10%,0%,0%,NA,
2023-07-03,G,57,broadleaf+microbiome+basalt,y,y,aspen,117,2/3rd,NA,20,9,7,1,2,0,1,95%,5%,0%,0%,NA,
2023-07-03,G,57,broadleaf+microbiome+basalt,y,y,birch,118,1/3rd,1/3rd,11,3,3,3,2,0,0,70%,10%,20%,0%,NA,
2023-07-03,G,57,broadleaf+microbiome+basalt,y,y,birch,118,1/3rd,2/3rd,7,4,3,0,0,0,0,50%,50%,0%,0%,NA,
2023-07-03,G,57,broadleaf+microbiome+basalt,y,y,birch,118,2/3rd,1/3rd,6,1,4,1,0,0,0,80%,20%,0%,0%,NA,
2023-07-03,G,57,broadleaf+microbiome+basalt,y,y,birch,118,2/3rd,2/3rd,8,4,3,0,1,0,0,80%,20%,0%,0%,NA,
2023-07-03,G,57,broadleaf+microbiome+basalt,y,y,rowan,119,1/3rd,1/3rd,17,13,4,0,0,0,0,25%,50%,25%,0%,NA,
2023-07-03,G,57,broadleaf+microbiome+basalt,y,y,rowan,119,1/3rd,2/3rd,15,15,0,0,0,0,0,0%,0%,0%,0%,NA,
2023-07-03,G,57,broadleaf+microbiome+basalt,y,y,rowan,119,2/3rd,NA,13,9,4,0,0,0,0,100%,0%,0%,0%,NA,
2023-07-03,G,57,broadleaf+microbiome+basalt,y,y,cherry,120,1/3rd,1/3rd,14,1,7,3,1,2,0,100%,0%,0%,0%,NA,
2023-07-03,G,57,broadleaf+microbiome+basalt,y,y,cherry,120,1/3rd,2/3rd,7,3,1,1,2,0,0,100%,0%,0%,0%,NA,
2023-07-03,G,57,broadleaf+microbiome+basalt,y,y,cherry,120,2/3rd,NA,14,0,10,3,1,0,0,100%,0%,0%,0%,leaf_curl,
2023-07-03,F,46,broadleaf+basalt,y,n,cherry,121,1/3rd,NA,18,6,4,6,1,1,0,70%,20%,0%,10%,NA,
2023-07-03,F,46,broadleaf+basalt,y,n,cherry,121,2/3rd,NA,10,5,1,1,2,1,0,90%,10%,0%,0%,NA,
2023-07-03,F,46,broadleaf+basalt,y,n,birch,122,1/3rd,1/3rd,7,4,1,1,1,0,0,60%,0%,40%,0%,NA,
2023-07-03,F,46,broadleaf+basalt,y,n,birch,122,1/3rd,2/3rd,7,7,0,0,0,0,0,0%,0%,0%,0%,NA,
2023-07-03,F,46,broadleaf+basalt,y,n,birch,122,2/3rd,NA,11,9,2,0,0,0,0,100%,0%,0%,0%,NA,
2023-07-03,F,46,broadleaf+basalt,y,n,oak,123,1/3rd,NA,12,0,2,3,6,0,1,10%,90%,0%,0%,NA,
2023-07-03,F,46,broadleaf+basalt,y,n,oak,123,2/3rd,NA,17,2,8,3,4,0,0,50%,50%,0%,0%,NA,
2023-07-03,F,46,broadleaf+basalt,y,n,alder,124,1/3rd,1/3rd,11,5,4,1,0,0,1,90%,10%,0%,0%,NA,
2023-07-03,F,46,broadleaf+basalt,y,n,alder,124,1/3rd,2/3rd,5,1,2,2,0,0,0,35%,35%,30%,0%,NA,
2023-07-03,F,46,broadleaf+basalt,y,n,alder,124,2/3rd,NA,26,5,17,3,1,0,0,60%,40%,0%,0%,NA,
2023-07-03,F,46,broadleaf+basalt,y,n,rowan,125,1/3rd,1/3rd,13,5,5,0,3,0,0,100%,0%,0%,0%,NA,
2023-07-03,F,46,broadleaf+basalt,y,n,rowan,125,1/3rd,2/3rd,15,5,10,0,0,0,0,80%,20%,0%,0%,NA,
2023-07-03,F,46,broadleaf+basalt,y,n,rowan,125,2/3rd,NA,16,8,5,2,1,0,0,80%,20%,0%,0%,NA,
2023-07-03,F,46,broadleaf+basalt,y,n,aspen,126,1/3rd,NA,34,18,15,0,1,0,0,80%,20%,0%,0%,NA,
2023-07-03,F,46,broadleaf+basalt,y,n,aspen,126,2/3rd,NA,11,6,3,1,1,0,0,80%,20%,0%,0%,NA,
2023-07-03,F,47,broadleaf,n,n,rowan,127,1/3rd,1/3rd,13,10,1,2,0,0,0,60%,40%,0%,0%,NA,
2023-07-03,F,47,broadleaf,n,n,rowan,127,1/3rd,2/3rd,11,11,0,0,0,0,0,0%,0%,0%,0%,NA,
2023-07-03,F,47,broadleaf,n,n,rowan,127,2/3rd,1/3rd,16,8,7,1,0,0,0,40%,60%,0%,0%,NA,
2023-07-03,F,47,broadleaf,n,n,rowan,127,2/3rd,2/3rd,11,11,0,0,0,0,0,0%,0%,0%,0%,NA,
2023-07-03,F,47,broadleaf,n,n,birch,128,1/3rd,1/3rd,10,8,2,0,0,0,0,100%,0%,0%,0%,NA,
2023-07-03,F,47,broadleaf,n,n,birch,128,1/3rd,2/3rd,6,6,0,0,0,0,0,0%,0%,0%,0%,NA,
2023-07-03,F,47,broadleaf,n,n,birch,128,2/3rd,NA,27,21,4,2,0,0,0,100%,0%,0%,0%,NA,
2023-07-03,F,47,broadleaf,n,n,cherry,129,1/3rd,NA,19,4,10,4,1,0,0,70%,30%,0%,0%,leaf_curl,
2023-07-03,F,47,broadleaf,n,n,cherry,129,2/3rd,NA,7,1,5,1,0,0,0,100%,0%,0%,0%,leaf_curl,
2023-07-03,F,47,broadleaf,n,n,oak,130,1/3rd,NA,8,2,2,4,0,0,0,60%,40%,0%,0%,NA,
2023-07-03,F,47,broadleaf,n,n,oak,130,2/3rd,NA,11,1,5,4,0,1,0,60%,40%,0%,0%,NA,
2023-07-03,F,47,broadleaf,n,n,aspen,131,1/3rd,1/3rd,11,3,4,3,1,0,0,100%,0%,0%,0%,NA,
2023-07-03,F,47,broadleaf,n,n,aspen,131,1/3rd,2/3rd,9,5,4,0,0,0,0,100%,0%,0%,0%,NA,
2023-07-03,F,47,broadleaf,n,n,aspen,131,2/3rd,NA,10,6,1,1,0,1,1,100%,0%,0%,0%,NA,
2023-07-03,F,47,broadleaf,n,n,alder,132,1/3rd,1/3rd,7,4,1,1,1,0,0,50%,50%,0%,0%,NA,
2023-07-03,F,47,broadleaf,n,n,alder,132,1/3rd,2/3rd,5,2,2,1,0,0,0,70%,30%,0%,0%,NA,
2023-07-03,F,47,broadleaf,n,n,alder,132,2/3rd,NA,8,5,2,1,0,0,0,60%,0%,40%,0%,NA,
2023-07-04,F,49,broadleaf+microbiome+basalt,y,y,alder,133,1/3rd,NA,25,9,9,1,1,4,1,10%,30%,60%,0%,NA,
2023-07-04,F,49,broadleaf+microbiome+basalt,y,y,alder,133,2/3rd,NA,8,5,1,1,0,1,0,20%,10%,70%,0%,NA,
2023-07-04,F,49,broadleaf+microbiome+basalt,y,y,rowan,134,1/3rd,NA,45,29,10,6,0,0,0,90%,10%,0%,0%,NA,
2023-07-04,F,49,broadleaf+microbiome+basalt,y,y,rowan,134,2/3rd,NA,15,5,5,4,1,0,0,100%,0%,0%,0%,NA,
2023-07-04,F,49,broadleaf+microbiome+basalt,y,y,birch,135,1/3rd,1/3rd,13,6,3,0,2,2,0,100%,0%,0%,0%,NA,
2023-07-04,F,49,broadleaf+microbiome+basalt,y,y,birch,135,1/3rd,2/3rd,8,5,1,1,1,0,0,100%,0%,0%,0%,NA,
2023-07-04,F,49,broadleaf+microbiome+basalt,y,y,birch,135,2/3rd,NA,10,6,4,0,0,0,0,100%,0%,0%,0%,NA,
2023-07-04,F,49,broadleaf+microbiome+basalt,y,y,aspen,136,1/3rd,NA,10,1,5,2,1,1,0,90%,0%,10%,0%,NA,
2023-07-04,F,49,broadleaf+microbiome+basalt,y,y,aspen,136,2/3rd,NA,9,0,5,3,0,1,0,60%,40%,0%,0%,NA,
2023-07-04,F,49,broadleaf+microbiome+basalt,y,y,oak,137,1/3rd,NA,12,6,3,2,1,0,0,30%,70%,0%,0%,NA,
2023-07-04,F,49,broadleaf+microbiome+basalt,y,y,oak,137,2/3rd,NA,13,4,3,3,3,0,0,20%,80%,0%,0%,NA,
2023-07-04,F,49,broadleaf+microbiome+basalt,y,y,cherry,138,1/3rd,NA,26,0,7,2,7,8,2,100%,0%,0%,0%,leaf_curl,
2023-07-04,F,49,broadleaf+microbiome+basalt,y,y,cherry,138,2/3rd,NA,13,2,4,4,2,1,0,100%,0%,0%,0%,leaf_curl,
2023-07-04,F,52,broadleaf+microbiome,n,y,birch,139,1/3rd,1/3rd,19,12,5,0,0,0,2,80%,20%,0%,0%,NA,
2023-07-04,F,52,broadleaf+microbiome,n,y,birch,139,1/3rd,2/3rd,6,4,1,1,0,0,0,100%,0%,0%,0%,NA,
2023-07-04,F,52,broadleaf+microbiome,n,y,birch,139,2/3rd,NA,11,6,2,1,2,0,0,100%,0%,0%,0%,NA,
2023-07-04,F,52,broadleaf+microbiome,n,y,alder,140,1/3rd,NA,23,8,9,1,4,1,0,80%,0%,5%,15%,NA,
2023-07-04,F,52,broadleaf+microbiome,n,y,alder,140,2/3rd,NA,5,2,1,1,1,0,0,70%,0%,30%,0%,NA,
2023-07-04,F,52,broadleaf+microbiome,n,y,cherry,141,1/3rd,NA,9,5,3,1,0,0,0,100%,0%,0%,0%,NA,
2023-07-04,F,52,broadleaf+microbiome,n,y,cherry,141,2/3rd,NA,9,4,5,0,0,0,0,100%,0%,0%,0%,NA,
2023-07-04,F,52,broadleaf+microbiome,n,y,oak,142,1/3rd,1/3rd,10,5,1,4,0,0,0,0%,100%,0%,0%,NA,
2023-07-04,F,52,broadleaf+microbiome,n,y,oak,142,1/3rd,2/3rd,13,5,2,2,2,2,0,30%,70%,0%,0%,NA,
2023-07-04,F,52,broadleaf+microbiome,n,y,oak,142,2/3rd,NA,11,1,5,2,2,1,0,20%,80%,0%,0%,NA,
2023-07-04,F,52,broadleaf+microbiome,n,y,rowan,143,1/3rd,1/3rd,15,7,6,1,0,0,1,90%,10%,0%,0%,NA,
2023-07-04,F,52,broadleaf+microbiome,n,y,rowan,143,1/3rd,2/3rd,13,5,5,2,1,0,0,80%,20%,0%,0%,NA,
2023-07-04,F,52,broadleaf+microbiome,n,y,rowan,143,2/3rd,1/3rd,15,11,3,0,1,0,0,100%,0%,0%,0%,NA,
2023-07-04,F,52,broadleaf+microbiome,n,y,rowan,143,2/3rd,2/3rd,9,5,1,1,2,0,0,70%,30%,0%,0%,NA,
2023-07-04,F,52,broadleaf+microbiome,n,y,aspen,144,1/3rd,1/3rd,12,6,2,3,1,0,0,100%,0%,0%,0%,NA,
2023-07-04,F,52,broadleaf+microbiome,n,y,aspen,144,1/3rd,2/3rd,11,7,4,0,0,0,0,100%,0%,0%,0%,NA,
2023-07-04,F,52,broadleaf+microbiome,n,y,aspen,144,2/3rd,NA,13,5,8,0,0,0,0,100%,0%,0%,0%,NA,
2023-07-04,B,12,broadleaf+microbiome+basalt,y,y,birch,145,1/3rd,1/3rd,24,13,9,1,1,0,0,90%,10%,0%,0%,NA,
2023-07-04,B,12,broadleaf+microbiome+basalt,y,y,birch,145,1/3rd,2/3rd,8,6,1,1,0,0,0,100%,0%,0%,0%,NA,
2023-07-04,B,12,broadleaf+microbiome+basalt,y,y,birch,145,2/3rd,1/3rd,7,4,3,0,0,0,0,70%,0%,30%,0%,NA,
2023-07-04,B,12,broadleaf+microbiome+basalt,y,y,birch,145,2/3rd,2/3rd,7,4,3,0,0,0,0,90%,10%,0%,0%,NA,
2023-07-04,B,12,broadleaf+microbiome+basalt,y,y,aspen,146,1/3rd,NA,9,4,1,4,0,0,0,80%,20%,0%,0%,NA,
2023-07-04,B,12,broadleaf+microbiome+basalt,y,y,aspen,146,2/3rd,NA,9,2,2,3,1,1,0,90%,10%,0%,0%,NA,
2023-07-04,B,12,broadleaf+microbiome+basalt,y,y,oak,147,1/3rd,1/3rd,11,3,4,4,0,0,0,50%,50%,0%,0%,NA,
2023-07-04,B,12,broadleaf+microbiome+basalt,y,y,oak,147,1/3rd,2/3rd,10,3,4,2,0,0,1,50%,50%,0%,0%,NA,
2023-07-04,B,12,broadleaf+microbiome+basalt,y,y,oak,147,2/3rd,1/3rd,14,1,5,4,4,0,0,30%,70%,0%,0%,NA,
2023-07-04,B,12,broadleaf+microbiome+basalt,y,y,oak,147,2/3rd,2/3rd,16,4,2,5,4,1,0,20%,80%,0%,0%,NA,
2023-07-04,B,12,broadleaf+microbiome+basalt,y,y,rowan,148,1/3rd,1/3rd,15,13,2,0,0,0,0,0%,50%,50%,0%,NA,
2023-07-04,B,12,broadleaf+microbiome+basalt,y,y,rowan,148,1/3rd,2/3rd,13,8,3,2,0,0,0,50%,50%,0%,0%,NA,
2023-07-04,B,12,broadleaf+microbiome+basalt,y,y,rowan,148,2/3rd,1/3rd,15,13,1,0,1,0,0,100%,0%,0%,0%,NA,
2023-07-04,B,12,broadleaf+microbiome+basalt,y,y,rowan,148,2/3rd,2/3rd,13,9,1,1,1,0,1,100%,0%,0%,0%,NA,
2023-07-04,B,12,broadleaf+microbiome+basalt,y,y,alder,149,1/3rd,1/3rd,17,8,4,3,1,1,0,20%,20%,50%,10%,NA,
2023-07-04,B,12,broadleaf+microbiome+basalt,y,y,alder,149,1/3rd,2/3rd,8,4,2,1,0,1,0,80%,0%,0%,20%,NA,
2023-07-04,B,12,broadleaf+microbiome+basalt,y,y,alder,149,2/3rd,NA,9,3,2,2,1,1,0,20%,0%,80%,0%,NA,
2023-07-04,B,12,broadleaf+microbiome+basalt,y,y,cherry,150,1/3rd,1/3rd,5,4,1,0,0,0,0,100%,0%,0%,0%,NA,
2023-07-04,B,12,broadleaf+microbiome+basalt,y,y,cherry,150,1/3rd,2/3rd,10,1,2,2,3,2,0,100%,0%,0%,0%,NA,
2023-07-04,B,12,broadleaf+microbiome+basalt,y,y,cherry,150,2/3rd,NA,13,2,6,2,1,2,0,100%,0%,0%,0%,NA,
2023-07-04,B,18,broadleaf,n,n,cherry,151,1/3rd,NA,16,11,5,0,0,0,0,100%,0%,0%,0%,NA,
2023-07-04,B,18,broadleaf,n,n,cherry,151,2/3rd,NA,12,2,7,1,2,0,0,100%,0%,0%,0%,NA,
2023-07-04,B,18,broadleaf,n,n,birch,152,1/3rd,1/3rd,6,5,1,0,0,0,0,0%,100%,0%,0%,NA,
2023-07-04,B,18,broadleaf,n,n,birch,152,1/3rd,2/3rd,8,5,3,0,0,0,0,50%,50%,0%,0%,NA,
2023-07-04,B,18,broadleaf,n,n,birch,152,2/3rd,NA,12,9,1,2,0,0,0,100%,0%,0%,0%,NA,
2023-07-04,B,18,broadleaf,n,n,alder,153,1/3rd,NA,23,12,7,2,1,1,0,80%,10%,10%,0%,NA,
2023-07-04,B,18,broadleaf,n,n,alder,153,2/3rd,NA,6,4,1,1,0,0,0,40%,0%,60%,0%,NA,
2023-07-04,B,18,broadleaf,n,n,rowan,154,1/3rd,NA,11,4,5,2,0,0,0,100%,0%,0%,0%,NA,
2023-07-04,B,18,broadleaf,n,n,rowan,154,2/3rd,1/3rd,13,9,3,0,1,0,0,50%,50%,0%,0%,NA,
2023-07-04,B,18,broadleaf,n,n,rowan,154,2/3rd,2/3rd,13,12,1,0,0,0,0,100%,0%,0%,0%,NA,
2023-07-04,B,18,broadleaf,n,n,oak,155,1/3rd,1/3rd,11,1,3,4,3,0,0,40%,60%,0%,0%,NA,
2023-07-04,B,18,broadleaf,n,n,oak,155,1/3rd,2/3rd,12,2,1,2,3,3,1,10%,90%,0%,0%,NA,
2023-07-04,B,18,broadleaf,n,n,oak,155,2/3rd,NA,12,1,1,5,1,4,0,10%,90%,0%,0%,NA,
2023-07-04,B,18,broadleaf,n,n,aspen,156,1/3rd,1/3rd,5,1,1,2,0,0,1,100%,0%,0%,0%,NA,
2023-07-04,B,18,broadleaf,n,n,aspen,156,1/3rd,2/3rd,7,2,0,2,2,0,1,90%,10%,0%,0%,NA,
2023-07-04,B,18,broadleaf,n,n,aspen,156,2/3rd,NA,9,5,1,2,1,0,0,100%,0%,0%,0%,NA,
2023-07-04,B,15,broadleaf+microbiome,n,y,aspen,157,1/3rd,1/3rd,9,5,1,0,3,0,0,95%,5%,0%,0%,NA,
2023-07-04,B,15,broadleaf+microbiome,n,y,aspen,157,1/3rd,2/3rd,8,3,3,0,2,0,0,50%,50%,0%,0%,NA,
2023-07-04,B,15,broadleaf+microbiome,n,y,aspen,157,2/3rd,NA,15,7,2,0,1,4,1,100%,0%,0%,0%,NA,
2023-07-04,B,15,broadleaf+microbiome,n,y,oak,158,1/3rd,NA,16,14,2,0,0,0,0,100%,0%,0%,0%,NA,
2023-07-04,B,15,broadleaf+microbiome,n,y,oak,158,2/3rd,1/3rd,9,5,2,2,0,0,0,50%,50%,0%,0%,NA,
2023-07-04,B,15,broadleaf+microbiome,n,y,oak,158,2/3rd,2/3rd,10,6,2,0,2,0,0,95%,5%,0%,0%,NA,
2023-07-04,B,15,broadleaf+microbiome,n,y,birch,159,1/3rd,1/3rd,6,3,2,0,0,0,1,5%,5%,90%,0%,NA,
2023-07-04,B,15,broadleaf+microbiome,n,y,birch,159,1/3rd,2/3rd,7,6,1,0,0,0,0,50%,50%,0%,0%,NA,
2023-07-04,B,15,broadleaf+microbiome,n,y,birch,159,2/3rd,NA,11,7,4,0,0,0,0,0%,100%,0%,0%,NA,
2023-07-04,B,15,broadleaf+microbiome,n,y,rowan,160,1/3rd,NA,11,3,5,0,3,0,0,70%,30%,0%,0%,NA,
2023-07-04,B,15,broadleaf+microbiome,n,y,rowan,160,2/3rd,NA,15,9,4,0,1,1,0,80%,20%,0%,0%,NA,
2023-07-04,B,15,broadleaf+microbiome,n,y,cherry,161,1/3rd,NA,15,8,5,2,0,0,0,60%,40%,0%,0%,NA,
2023-07-04,B,15,broadleaf+microbiome,n,y,cherry,161,2/3rd,NA,19,10,7,2,0,0,0,90%,10%,0%,0%,NA,
2023-07-04,B,15,broadleaf+microbiome,n,y,alder,162,1/3rd,1/3rd,13,7,4,0,2,0,0,20%,0%,0%,80%,NA,
2023-07-04,B,15,broadleaf+microbiome,n,y,alder,162,1/3rd,2/3rd,11,5,4,2,0,0,0,80%,20%,0%,0%,NA,
2023-07-04,B,15,broadleaf+microbiome,n,y,alder,162,2/3rd,NA,11,7,3,1,0,0,0,80%,20%,0%,0%,NA,
2023-07-04,B,20,broadleaf+basalt,y,n,oak,163,1/3rd,1/3rd,11,7,0,3,1,0,0,100%,0%,0%,0%,NA,
2023-07-04,B,20,broadleaf+basalt,y,n,oak,163,1/3rd,2/3rd,9,7,2,0,0,0,0,100%,0%,0%,0%,NA,
2023-07-04,B,20,broadleaf+basalt,y,n,oak,163,2/3rd,1/3rd,11,7,1,0,2,1,0,40%,60%,0%,0%,NA,
2023-07-04,B,20,broadleaf+basalt,y,n,oak,163,2/3rd,2/3rd,11,4,2,2,2,1,0,10%,90%,0%,0%,NA,
2023-07-04,B,20,broadleaf+basalt,y,n,birch,164,1/3rd,1/3rd,28,18,8,2,0,0,0,50%,50%,0%,0%,NA,
2023-07-04,B,20,broadleaf+basalt,y,n,birch,164,1/3rd,2/3rd,5,5,0,0,0,0,0,0%,0%,0%,0%,NA,
2023-07-04,B,20,broadleaf+basalt,y,n,birch,164,2/3rd,1/3rd,8,3,3,1,1,0,0,100%,0%,0%,0%,NA,
2023-07-04,B,20,broadleaf+basalt,y,n,birch,164,2/3rd,2/3rd,7,4,2,0,1,0,0,60%,40%,0%,0%,NA,
2023-07-04,B,20,broadleaf+basalt,y,n,alder,165,1/3rd,1/3rd,6,3,1,0,2,0,0,40%,0%,60%,0%,NA,
2023-07-04,B,20,broadleaf+basalt,y,n,alder,165,1/3rd,2/3rd,4,3,1,0,0,0,0,0%,0%,100%,0%,NA,
2023-07-04,B,20,broadleaf+basalt,y,n,alder,165,2/3rd,NA,7,5,1,1,0,0,0,100%,0%,0%,0%,NA,
2023-07-04,B,20,broadleaf+basalt,y,n,cherry,166,1/3rd,NA,15,7,6,2,0,0,0,100%,0%,0%,0%,NA,
2023-07-04,B,20,broadleaf+basalt,y,n,cherry,166,2/3rd,NA,17,5,9,0,3,0,0,80%,0%,20%,0%,NA,
2023-07-04,B,20,broadleaf+basalt,y,n,aspen,167,1/3rd,1/3rd,7,4,1,2,0,0,0,100%,0%,0%,0%,NA,
2023-07-04,B,20,broadleaf+basalt,y,n,aspen,167,1/3rd,2/3rd,13,10,2,0,1,0,0,100%,0%,0%,0%,NA,
2023-07-04,B,20,broadleaf+basalt,y,n,aspen,167,2/3rd,NA,17,9,5,2,1,0,0,90%,10%,0%,0%,NA,
2023-07-04,B,20,broadleaf+basalt,y,n,rowan,168,1/3rd,1/3rd,14,12,1,1,0,0,0,0%,100%,0%,0%,NA,
2023-07-04,B,20,broadleaf+basalt,y,n,rowan,168,1/3rd,2/3rd,13,11,2,0,0,0,0,100%,0%,0%,0%,NA,
2023-07-04,B,20,broadleaf+basalt,y,n,rowan,168,2/3rd,1/3rd,17,12,5,0,0,0,0,100%,0%,0%,0%,NA,
2023-07-04,B,20,broadleaf+basalt,y,n,rowan,168,2/3rd,2/3rd,15,12,3,0,0,0,0,100%,0%,0%,0%,NA,
2023-07-03,A,11,broadleaf+microbiome,n,y,birch,169,1/3rd,1/3rd,13,3,5,3,1,1,0,80%,20%,0%,0%,NA,
2023-07-03,A,11,broadleaf+microbiome,n,y,birch,169,1/3rd,2/3rd,6,5,1,0,0,0,0,100%,0%,0%,0%,NA,
2023-07-03,A,11,broadleaf+microbiome,n,y,birch,169,2/3rd,1/3rd,6,4,1,0,1,0,0,70%,30%,0%,0%,NA,
2023-07-03,A,11,broadleaf+microbiome,n,y,birch,169,2/3rd,2/3rd,7,4,3,0,0,0,0,100%,0%,0%,0%,NA,
2023-07-03,A,11,broadleaf+microbiome,n,y,cherry,170,1/3rd,1/3rd,4,0,2,2,0,0,0,100%,0%,0%,0%,NA,
2023-07-03,A,11,broadleaf+microbiome,n,y,cherry,170,1/3rd,2/3rd,9,0,6,1,1,1,0,100%,0%,0%,0%,leaf_curl,
2023-07-03,A,11,broadleaf+microbiome,n,y,cherry,170,2/3rd,NA,14,7,6,1,0,0,0,100%,0%,0%,0%,leaf_curl,
2023-07-03,A,11,broadleaf+microbiome,n,y,alder,171,1/3rd,1/3rd,6,3,1,2,0,0,0,100%,0%,0%,0%,NA,
2023-07-03,A,11,broadleaf+microbiome,n,y,alder,171,1/3rd,2/3rd,6,4,0,1,1,0,0,50%,0%,50%,0%,NA,
2023-07-03,A,11,broadleaf+microbiome,n,y,alder,171,2/3rd,NA,11,3,5,2,1,0,0,70%,0%,15%,15%,NA,
2023-07-03,A,11,broadleaf+microbiome,n,y,oak,172,1/3rd,1/3rd,8,3,3,0,2,0,0,90%,10%,0%,0%,NA,
2023-07-03,A,11,broadleaf+microbiome,n,y,oak,172,1/3rd,2/3rd,12,4,2,5,1,0,0,70%,30%,0%,0%,NA,
2023-07-03,A,11,broadleaf+microbiome,n,y,oak,172,2/3rd,NA,16,2,4,4,5,1,0,70%,30%,0%,0%,NA,
2023-07-03,A,11,broadleaf+microbiome,n,y,aspen,173,1/3rd,1/3rd,10,2,4,0,3,1,0,80%,20%,0%,0%,NA,
2023-07-03,A,11,broadleaf+microbiome,n,y,aspen,173,1/3rd,2/3rd,10,3,6,1,0,0,0,100%,0%,0%,0%,NA,
2023-07-03,A,11,broadleaf+microbiome,n,y,aspen,173,2/3rd,NA,14,2,9,0,1,2,0,100%,0%,0%,0%,NA,
2023-07-03,A,11,broadleaf+microbiome,n,y,rowan,174,1/3rd,1/3rd,11,10,1,0,0,0,0,0%,100%,0%,0%,NA,
2023-07-03,A,11,broadleaf+microbiome,n,y,rowan,174,1/3rd,2/3rd,11,4,5,1,1,0,0,90%,10%,0%,0%,NA,
2023-07-03,A,11,broadleaf+microbiome,n,y,rowan,174,2/3rd,NA,11,5,5,1,0,0,0,100%,0%,0%,0%,NA,
2023-07-05,A,7,broadleaf+basalt,y,n,oak,175,1/3rd,NA,10,0,7,2,1,0,0,70%,30%,0%,0%,NA,
2023-07-05,A,7,broadleaf+basalt,y,n,oak,175,2/3rd,1/3rd,11,6,3,2,0,0,0,80%,20%,0%,0%,NA,
2023-07-05,A,7,broadleaf+basalt,y,n,oak,175,2/3rd,2/3rd,14,0,4,6,2,2,0,20%,80%,0%,0%,NA,
2023-07-05,A,7,broadleaf+basalt,y,n,alder,176,1/3rd,1/3rd,7,4,1,1,1,0,0,100%,0%,0%,0%,NA,
2023-07-05,A,7,broadleaf+basalt,y,n,alder,176,1/3rd,2/3rd,7,5,0,0,0,2,0,100%,0%,0%,0%,NA,
2023-07-05,A,7,broadleaf+basalt,y,n,alder,176,2/3rd,NA,10,6,2,2,0,0,0,60%,0%,40%,0%,NA,
2023-07-05,A,7,broadleaf+basalt,y,n,cherry,177,1/3rd,NA,29,6,11,5,4,1,2,100%,0%,0%,0%,NA,
2023-07-05,A,7,broadleaf+basalt,y,n,cherry,177,2/3rd,NA,13,3,2,3,1,3,1,100%,0%,0%,0%,NA,
2023-07-05,A,7,broadleaf+basalt,y,n,birch,178,1/3rd,1/3rd,14,8,5,0,0,1,0,90%,10%,0%,0%,NA,
2023-07-05,A,7,broadleaf+basalt,y,n,birch,178,1/3rd,2/3rd,8,5,2,1,0,0,0,20%,80%,0%,0%,NA,
2023-07-05,A,7,broadleaf+basalt,y,n,birch,178,2/3rd,NA,9,4,2,3,0,0,0,100%,0%,0%,0%,NA,
2023-07-05,A,7,broadleaf+basalt,y,n,aspen,179,1/3rd,1/3rd,7,6,0,0,1,0,0,100%,0%,0%,0%,NA,
2023-07-05,A,7,broadleaf+basalt,y,n,aspen,179,1/3rd,2/3rd,9,6,2,0,1,0,0,80%,20%,0%,0%,NA,
2023-07-05,A,7,broadleaf+basalt,y,n,aspen,179,2/3rd,NA,15,2,5,3,4,1,0,100%,0%,0%,0%,NA,
2023-07-05,A,7,broadleaf+basalt,y,n,rowan,180,1/3rd,1/3rd,12,8,2,2,0,0,0,20%,80%,0%,0%,NA,
2023-07-05,A,7,broadleaf+basalt,y,n,rowan,180,1/3rd,2/3rd,13,6,6,1,0,0,0,80%,20%,0%,0%,leaf_curl,
2023-07-05,A,7,broadleaf+basalt,y,n,rowan,180,2/3rd,1/3rd,13,8,5,0,0,0,0,100%,0%,0%,0%,leaf_curl,
2023-07-05,A,7,broadleaf+basalt,y,n,rowan,180,2/3rd,2/3rd,13,12,1,0,0,0,0,100%,0%,0%,0%,NA,
2023-07-05,A,4,broadleaf+microbiome+basalt,y,y,birch,181,1/3rd,1/3rd,7,3,2,0,2,0,0,100%,0%,0%,0%,NA,
2023-07-05,A,4,broadleaf+microbiome+basalt,y,y,birch,181,1/3rd,2/3rd,10,9,1,0,0,0,0,100%,0%,0%,0%,NA,
2023-07-05,A,4,broadleaf+microbiome+basalt,y,y,birch,181,2/3rd,NA,10,8,2,0,0,0,0,100%,0%,0%,0%,NA,
2023-07-05,A,4,broadleaf+microbiome+basalt,y,y,alder,182,1/3rd,1/3rd,6,2,3,1,0,0,0,95%,5%,0%,0%,NA,
2023-07-05,A,4,broadleaf+microbiome+basalt,y,y,alder,182,1/3rd,2/3rd,7,4,3,0,0,0,0,80%,20%,0%,0%,NA,
2023-07-05,A,4,broadleaf+microbiome+basalt,y,y,alder,182,2/3rd,NA,15,4,8,1,1,1,0,70%,10%,10%,10%,NA,
2023-07-05,A,4,broadleaf+microbiome+basalt,y,y,oak,183,1/3rd,1/3rd,9,4,3,1,1,0,0,100%,0%,0%,0%,NA,
2023-07-05,A,4,broadleaf+microbiome+basalt,y,y,oak,183,1/3rd,2/3rd,10,6,2,1,1,0,0,100%,0%,0%,0%,NA,
2023-07-05,A,4,broadleaf+microbiome+basalt,y,y,oak,183,2/3rd,NA,14,3,2,3,5,0,1,70%,30%,0%,0%,NA,
2023-07-05,A,4,broadleaf+microbiome+basalt,y,y,cherry,184,1/3rd,NA,6,1,3,1,1,0,0,100%,0%,0%,0%,NA,
2023-07-05,A,4,broadleaf+microbiome+basalt,y,y,cherry,184,2/3rd,NA,16,3,8,4,1,0,0,30%,70%,0%,0%,NA,
2023-07-05,A,4,broadleaf+microbiome+basalt,y,y,rowan,185,1/3rd,NA,13,4,3,2,2,2,0,100%,0%,0%,0%,NA,
2023-07-05,A,4,broadleaf+microbiome+basalt,y,y,rowan,185,2/3rd,1/3rd,13,6,7,0,0,0,0,100%,0%,0%,0%,NA,
2023-07-05,A,4,broadleaf+microbiome+basalt,y,y,rowan,185,2/3rd,2/3rd,11,11,0,0,0,0,0,0%,0%,0%,0%,NA,
2023-07-05,A,3,broadleaf,n,n,aspen,187,1/3rd,1/3rd,8,6,1,1,0,0,0,0%,100%,0%,0%,NA,
2023-07-05,A,3,broadleaf,n,n,aspen,187,1/3rd,2/3rd,9,3,4,0,1,1,0,20%,80%,0%,0%,NA,
2023-07-05,A,3,broadleaf,n,n,aspen,187,2/3rd,NA,16,8,5,2,0,1,0,100%,0%,0%,0%,NA,
2023-07-05,A,3,broadleaf,n,n,alder,188,1/3rd,1/3rd,6,2,3,0,1,0,0,30%,30%,40%,0%,NA,
2023-07-05,A,3,broadleaf,n,n,alder,188,1/3rd,2/3rd,6,3,1,1,1,0,0,60%,0%,40%,0%,NA,
2023-07-05,A,3,broadleaf,n,n,alder,188,2/3rd,NA,15,6,9,0,0,0,0,20%,60%,20%,0%,NA,
2023-07-05,A,3,broadleaf,n,n,oak,189,1/3rd,NA,13,5,7,0,1,0,0,50%,50%,0%,0%,NA,
2023-07-05,A,3,broadleaf,n,n,oak,189,2/3rd,NA,18,3,7,2,5,1,0,20%,80%,0%,0%,NA,
2023-07-05,A,3,broadleaf,n,n,birch,190,1/3rd,1/3rd,6,3,2,1,0,0,0,30%,70%,0%,0%,NA,
2023-07-05,A,3,broadleaf,n,n,birch,190,1/3rd,2/3rd,7,5,2,0,0,0,0,0%,100%,0%,0%,NA,
2023-07-05,A,3,broadleaf,n,n,birch,190,2/3rd,NA,8,6,2,0,0,0,0,50%,50%,0%,0%,NA,
2023-07-05,A,3,broadleaf,n,n,rowan,191,1/3rd,1/3rd,11,9,2,0,0,0,0,0%,100%,0%,0%,NA,
2023-07-05,A,3,broadleaf,n,n,rowan,191,1/3rd,2/3rd,11,7,2,0,2,0,0,80%,0%,0%,20%,NA,
2023-07-05,A,3,broadleaf,n,n,rowan,191,2/3rd,1/3rd,11,8,2,1,0,0,0,80%,20%,0%,0%,NA,
2023-07-05,A,3,broadleaf,n,n,rowan,191,2/3rd,2/3rd,9,7,2,0,0,0,0,50%,50%,0%,0%,NA,
2023-07-05,A,3,broadleaf,n,n,cherry,192,1/3rd,1/3rd,6,1,5,0,0,0,0,100%,0%,0%,0%,NA,
2023-07-05,A,3,broadleaf,n,n,cherry,192,1/3rd,2/3rd,5,1,3,0,1,0,0,100%,0%,0%,0%,NA,
2023-07-05,A,3,broadleaf,n,n,cherry,192,2/3rd,1/3rd,4,2,1,1,0,0,0,100%,0%,0%,0%,NA,
2023-07-05,A,3,broadleaf,n,n,cherry,192,2/3rd,2/3rd,5,2,2,0,1,0,0,10%,90%,0%,0%,NA,
,,,,,,,,,,,,,,,,,,,,,,
,,,,,,,,,,,,,,,,,,,,,,
,,,,,,,,,,,,,,,,,,,,,,
,,,,,,,,,,,,,,,,,,,,,,
,,,,,,,,,,,,,,,,,,,,,,
,,,,,,,,,,,,,,,,,,,,,,
,,,,,,,,,,,,,,,,,,,,,,
,,,,,,,,,,,,,,,,,,,,,,
,,,,,,,,,,,,,,,,,,,,,,
,,,,,,,,,,,,,,,,,,,,,,
,,,,,,,,,,,,,,,,,,,,,,
,,,,,,,,,,,,,,,,,,,,,,
,,,,,,,,,,,,,,,,,,,,,,
,,,,,,,,,,,,,,,,,,,,,,
,,,,,,,,,,,,,,,,,,,,,,
,,,,,,,,,,,,,,,,,,,,,,
,,,,,,,,,,,,,,,,,,,,,,
,,,,,,,,,,,,,,,,,,,,,,
,,,,,,,,,,,,,,,,,,,,,,
,,,,,,,,,,,,,,,,,,,,,,
,,,,,,,,,,,,,,,,,,,,,,
,,,,,,,,,,,,,,,,,,,,,,
,,,,,,,,,,,,,,,,,,,,,,
,,,,,,,,,,,,,,,,,,,,,,
,,,,,,,,,,,,,,,,,,,,,,
,,,,,,,,,,,,,,,,,,,,,,
,,,,,,,,,,,,,,,,,,,,,,
,,,,,,,,,,,,,,,,,,,,,,
,,,,,,,,,,,,,,,,,,,,,,
,,,,,,,,,,,,,,,,,,,,,,
,,,,,,,,,,,,,,,,,,,,,,
,,,,,,,,,,,,,,,,,,,,,,
,,,,,,,,,,,,,,,,,,,,,,
,,,,,,,,,,,,,,,,,,,,,,
,,,,,,,,,,,,,,,,,,,,,,
,,,,,,,,,,,,,,,,,,,,,,
,,,,,,,,,,,,,,,,,,,,,,
,,,,,,,,,,,,,,,,,,,,,,
,,,,,,,,,,,,,,,,,,,,,,
,,,,,,,,,,,,,,,,,,,,,,
,,,,,,,,,,,,,,,,,,,,,,
,,,,,,,,,,,,,,,,,,,,,,
,,,,,,,,,,,,,,,,,,,,,,
,,,,,,,,,,,,,,,,,,,,,,
,,,,,,,,,,,,,,,,,,,,,,
,,,,,,,,,,,,,,,,,,,,,,
,,,,,,,,,,,,,,,,,,,,,,
,,,,,,,,,,,,,,,,,,,,,,
,,,,,,,,,,,,,,,,,,,,,,
,,,,,,,,,,,,,,,,,,,,,,
,,,,,,,,,,,,,,,,,,,,,,
,,,,,,,,,,,,,,,,,,,,,,
,,,,,,,,,,,,,,,,,,,,,,
,,,,,,,,,,,,,,,,,,,,,,
,,,,,,,,,,,,,,,,,,,,,,
,,,,,,,,,,,,,,,,,,,,,,
,,,,,,,,,,,,,,,,,,,,,,
,,,,,,,,,,,,,,,,,,,,,,
,,,,,,,,,,,,,,,,,,,,,,
,,,,,,,,,,,,,,,,,,,,,,
,,,,,,,,,,,,,,,,,,,,,,
,,,,,,,,,,,,,,,,,,,,,,
,,,,,,,,,,,,,,,,,,,,,,
,,,,,,,,,,,,,,,,,,,,,,
,,,,,,,,,,,,,,,,,,,,,,
,,,,,,,,,,,,,,,,,,,,,,
,,,,,,,,,,,,,,,,,,,,,,
,,,,,,,,,,,,,,,,,,,,,,
,,,,,,,,,,,,,,,,,,,,,,
,,,,,,,,,,,,,,,,,,,,,,
,,,,,,,,,,,,,,,,,,,,,,
,,,,,,,,,,,,,,,,,,,,,,
,,,,,,,,,,,,,,,,,,,,,,
,,,,,,,,,,,,,,,,,,,,,,
,,,,,,,,,,,,,,,,,,,,,,
,,,,,,,,,,,,,,,,,,,,,,
,,,,,,,,,,,,,,,,,,,,,,
,,,,,,,,,,,,,,,,,,,,,,
,,,,,,,,,,,,,,,,,,,,,,
,,,,,,,,,,,,,,,,,,,,,,
,,,,,,,,,,,,,,,,,,,,,,
,,,,,,,,,,,,,,,,,,,,,,
,,,,,,,,,,,,,,,,,,,,,,
,,,,,,,,,,,,,,,,,,,,,,
,,,,,,,,,,,,,,,,,,,,,,
,,,,,,,,,,,,,,,,,,,,,,
,,,,,,,,,,,,,,,,,,,,,,
,,,,,,,,,,,,,,,,,,,,,,
,,,,,,,,,,,,,,,,,,,,,,
,,,,,,,,,,,,,,,,,,,,,,
,,,,,,,,,,,,,,,,,,,,,,
,,,,,,,,,,,,,,,,,,,,,,
,,,,,,,,,,,,,,,,,,,,,,
,,,,,,,,,,,,,,,,,,,,,,
,,,,,,,,,,,,,,,,,,,,,,
,,,,,,,,,,,,,,,,,,,,,,
,,,,,,,,,,,,,,,,,,,,,,
,,,,,,,,,,,,,,,,,,,,,,
,,,,,,,,,,,,,,,,,,,,,,
,,,,,,,,,,,,,,,,,,,,,,
,,,,,,,,,,,,,,,,,,,,,,
,,,,,,,,,,,,,,,,,,,,,,
,,,,,,,,,,,,,,,,,,,,,,
,,,,,,,,,,,,,,,,,,,,,,
,,,,,,,,,,,,,,,,,,,,,,
,,,,,,,,,,,,,,,,,,,,,,
,,,,,,,,,,,,,,,,,,,,,,
,,,,,,,,,,,,,,,,,,,,,,
,,,,,,,,,,,,,,,,,,,,,,
,,,,,,,,,,,,,,,,,,,,,,
,,,,,,,,,,,,,,,,,,,,,,
,,,,,,,,,,,,,,,,,,,,,,
,,,,,,,,,,,,,,,,,,,,,,
,,,,,,,,,,,,,,,,,,,,,,
,,,,,,,,,,,,,,,,,,,,,,
,,,,,,,,,,,,,,,,,,,,,,
,,,,,,,,,,,,,,,,,,,,,,
,,,,,,,,,,,,,,,,,,,,,,
,,,,,,,,,,,,,,,,,,,,,,
,,,,,,,,,,,,,,,,,,,,,,
,,,,,,,,,,,,,,,,,,,,,,
,,,,,,,,,,,,,,,,,,,,,,
,,,,,,,,,,,,,,,,,,,,,,
,,,,,,,,,,,,,,,,,,,,,,
,,,,,,,,,,,,,,,,,,,,,,
,,,,,,,,,,,,,,,,,,,,,,
,,,,,,,,,,,,,,,,,,,,,,
,,,,,,,,,,,,,,,,,,,,,,
,,,,,,,,,,,,,,,,,,,,,,
,,,,,,,,,,,,,,,,,,,,,,
,,,,,,,,,,,,,,,,,,,,,,
,,,,,,,,,,,,,,,,,,,,,,
,,,,,,,,,,,,,,,,,,,,,,
,,,,,,,,,,,,,,,,,,,,,,
,,,,,,,,,,,,,,,,,,,,,,
,,,,,,,,,,,,,,,,,,,,,,
,,,,,,,,,,,,,,,,,,,,,,
,,,,,,,,,,,,,,,,,,,,,,
,,,,,,,,,,,,,,,,,,,,,,
,,,,,,,,,,,,,,,,,,,,,,
,,,,,,,,,,,,,,,,,,,,,,
,,,,,,,,,,,,,,,,,,,,,,
,,,,,,,,,,,,,,,,,,,,,,
,,,,,,,,,,,,,,,,,,,,,,
,,,,,,,,,,,,,,,,,,,,,,
,,,,,,,,,,,,,,,,,,,,,,
,,,,,,,,,,,,,,,,,,,,,,
,,,,,,,,,,,,,,,,,,,,,,
,,,,,,,,,,,,,,,,,,,,,,
,,,,,,,,,,,,,,,,,,,,,,
,,,,,,,,,,,,,,,,,,,,,,
,,,,,,,,,,,,,,,,,,,,,,
,,,,,,,,,,,,,,,,,,,,,,
,,,,,,,,,,,,,,,,,,,,,,
,,,,,,,,,,,,,,,,,,,,,,
,,,,,,,,,,,,,,,,,,,,,,
,,,,,,,,,,,,,,,,,,,,,,
,,,,,,,,,,,,,,,,,,,,,,
,,,,,,,,,,,,,,,,,,,,,,
,,,,,,,,,,,,,,,,,,,,,,
,,,,,,,,,,,,,,,,,,,,,,
,,,,,,,,,,,,,,,,,,,,,,
,,,,,,,,,,,,,,,,,,,,,,
,,,,,,,,,,,,,,,,,,,,,,
,,,,,,,,,,,,,,,,,,,,,,
,,,,,,,,,,,,,,,,,,,,,,
,,,,,,,,,,,,,,,,,,,,,,
,,,,,,,,,,,,,,,,,,,,,,
,,,,,,,,,,,,,,,,,,,,,,
,,,,,,,,,,,,,,,,,,,,,,
,,,,,,,,,,,,,,,,,,,,,,
,,,,,,,,,,,,,,,,,,,,,,